marka,Isletim_Sistemi,Islemci_Tipi,Islemci_Nesli,SSD_Kapasitesi,Ram,Hard_Disk_Kapasitesi,Ekran_Yenileme_Hizi,Ekran_Karti,Ekran_Boyutu,Fiyat
16,1,17,4.0,0.0,4.0,0.0,60.0,14,15.6,6.799
18,3,10,13.0,256.0,16.0,256.0,60.0,28,13.0,22.9733
16,1,8,5.0,512.0,16.0,0.0,60.0,3,15.6,13.099
2,1,20,11.0,512.0,8.0,0.0,144.0,44,15.6,24.75
0,2,17,2.0,128.0,4.0,0.0,60.0,24,15.6,6.29
0,1,6,7.0,256.0,8.0,0.0,60.0,3,15.6,8.999
16,1,4,7.0,256.0,8.0,0.0,60.0,3,15.6,8.199
19,5,21,12.0,512.0,16.0,0.0,144.0,45,15.6,31.6799
13,5,20,11.0,256.0,8.0,256.0,60.0,21,15.6,14.38
3,5,17,13.0,120.0,4.0,0.0,60.0,25,15.6,6.939
11,1,20,11.0,1.0,16.0,0.0,60.0,14,15.6,12.899
16,5,20,11.0,512.0,16.0,0.0,165.0,45,15.6,26.5311
0,3,10,13.0,256.0,16.0,256.0,60.0,28,13.0,10.799
16,1,6,7.0,512.0,8.0,0.0,60.0,11,15.6,9.994
16,1,7,7.0,512.0,8.0,0.0,60.0,14,15.6,10.499
0,5,7,7.0,512.0,8.0,0.0,60.0,3,15.6,12.6421
2,5,19,13.0,256.0,4.0,256.0,60.0,24,15.6,9.249
13,3,10,13.0,256.0,16.0,256.0,60.0,28,13.0,20.899
19,3,10,13.0,256.0,16.0,256.0,60.0,28,13.0,21.995
0,3,10,13.0,256.0,16.0,256.0,60.0,28,13.0,12.2751
0,1,20,12.0,512.0,8.0,0.0,144.0,46,15.6,22.908
13,5,20,11.0,512.0,8.0,0.0,60.0,21,14.0,15.42
16,1,19,13.0,256.0,8.0,256.0,60.0,14,15.6,9.496
2,1,20,11.0,1.0,16.0,0.0,144.0,45,15.6,27.6192
1,3,10,13.0,256.0,16.0,256.0,60.0,28,13.0,28.599
16,5,17,13.0,0.0,4.0,128.0,60.0,25,15.6,6.8801
0,1,20,11.0,1.0,16.0,0.0,144.0,45,15.6,23.499
2,1,20,10.0,512.0,16.0,0.0,60.0,36,15.6,24.7346
11,1,7,6.0,512.0,16.0,0.0,144.0,46,16.1,25.6263
19,1,20,11.0,512.0,8.0,0.0,144.0,44,15.6,21.999
16,3,10,13.0,256.0,16.0,0.0,60.0,28,15.6,10.45
0,5,7,7.0,256.0,8.0,0.0,60.0,3,15.6,12.7656
1,3,13,1.0,256.0,8.0,250.0,120.0,31,13.6,35.999
2,5,17,9.0,128.0,4.0,0.0,60.0,24,14.0,6.839
18,3,10,13.0,256.0,16.0,256.0,60.0,28,13.0,31.499
19,5,21,12.0,512.0,16.0,0.0,144.0,45,15.6,34.6346
3,1,20,12.0,1.0,32.0,0.0,60.0,14,15.6,16.799
0,5,20,12.0,512.0,8.0,0.0,144.0,53,15.6,25.999
16,1,6,7.0,256.0,8.0,0.0,60.0,14,15.6,9.1999
2,5,20,10.0,1.0,32.0,0.0,144.0,36,15.6,29.1996
11,1,20,13.0,1.0,16.0,0.0,144.0,54,16.1,33.359
16,1,20,12.0,512.0,16.0,0.0,60.0,14,15.6,14.599
18,1,21,13.0,500.0,16.0,256.0,60.0,46,17.3,27.899
19,5,21,12.0,512.0,16.0,0.0,144.0,45,15.6,36.0206
18,3,10,13.0,256.0,16.0,256.0,60.0,28,13.0,34.799
11,1,7,5.0,512.0,16.0,0.0,144.0,10,15.6,22.299
2,1,21,12.0,512.0,16.0,0.0,144.0,45,15.6,30.999
16,5,20,11.0,512.0,8.0,0.0,120.0,37,15.6,25.1442
16,5,17,10.0,128.0,4.0,0.0,60.0,14,15.6,6.692
16,5,20,11.0,512.0,16.0,0.0,60.0,21,15.6,18.672
11,1,21,13.0,1.0,16.0,0.0,144.0,55,16.1,43.388
0,5,20,11.0,512.0,8.0,0.0,60.0,27,15.6,14.2069
13,3,10,13.0,256.0,16.0,256.0,60.0,28,13.0,26.749
18,5,22,13.0,4.0,64.0,0.0,240.0,57,17.0,134.999
11,1,7,7.0,512.0,16.0,0.0,60.0,14,15.6,12.69
2,5,20,10.0,512.0,32.0,0.0,144.0,36,15.6,27.3086
0,1,20,11.0,256.0,8.0,0.0,60.0,21,15.6,11.685
16,1,20,12.0,512.0,8.0,0.0,60.0,24,15.6,13.999
1,3,13,1.0,256.0,8.0,250.0,120.0,31,13.6,35.999
16,5,20,11.0,512.0,16.0,0.0,120.0,36,15.6,25.4758
16,1,7,5.0,512.0,8.0,0.0,60.0,14,15.6,11.199
16,5,20,12.0,1.0,16.0,1.0,60.0,24,15.6,17.992
11,1,20,12.0,512.0,16.0,0.0,144.0,45,15.6,26.999
2,5,20,11.0,1.0,16.0,0.0,144.0,44,15.6,29.6846
9,3,10,13.0,128.0,16.0,0.0,60.0,28,14.1,5.999
0,1,20,11.0,512.0,16.0,0.0,144.0,36,15.6,21.499
19,1,21,12.0,512.0,16.0,0.0,144.0,45,15.6,30.749
2,5,20,11.0,1.0,16.0,0.0,144.0,45,15.6,29.5992
18,1,21,11.0,1.0,16.0,0.0,144.0,58,15.6,29.999
2,3,10,13.0,256.0,16.0,256.0,60.0,28,13.0,35.399
19,3,10,13.0,256.0,16.0,256.0,60.0,28,13.0,27.299
16,1,8,5.0,512.0,8.0,0.0,60.0,3,15.6,13.4983
9,1,17,4.0,256.0,8.0,0.0,60.0,25,14.1,6.599
13,5,20,12.0,512.0,16.0,0.0,60.0,21,14.0,19.299
4,1,21,13.0,1.0,16.0,0.0,165.0,54,15.6,40.899
11,5,20,11.0,1.0,16.0,0.0,60.0,21,15.6,16.6838
0,1,19,3.0,256.0,8.0,256.0,60.0,14,15.6,9.329
2,5,22,13.0,1.0,32.0,0.0,120.0,55,16.0,186.0
0,1,21,12.0,1.0,32.0,0.0,165.0,54,15.6,38.999
2,5,20,10.0,512.0,16.0,0.0,60.0,36,15.6,26.6238
16,1,7,13.0,512.0,16.0,0.0,60.0,0,14.0,15.199
2,5,20,11.0,512.0,8.0,0.0,144.0,44,15.6,22.999
0,5,17,12.0,64.0,8.0,0.0,90.0,24,11.6,8.598
2,5,20,11.0,512.0,8.0,0.0,144.0,44,15.6,26.7146
16,3,10,13.0,256.0,16.0,256.0,60.0,28,13.0,13.497
0,5,20,13.0,512.0,8.0,512.0,60.0,14,15.6,15.999
11,1,21,13.0,1.0,16.0,0.0,144.0,53,16.1,34.269
19,5,20,12.0,512.0,8.0,0.0,144.0,53,15.6,34.8471
18,1,20,13.0,1.0,32.0,0.0,144.0,45,17.3,32.3033
11,1,19,13.0,512.0,8.0,0.0,60.0,14,14.0,10.889
2,1,20,11.0,512.0,8.0,0.0,144.0,44,15.6,24.75
2,5,20,11.0,1.0,32.0,0.0,144.0,45,15.6,30.6746
16,3,10,13.0,512.0,16.0,0.0,60.0,28,15.6,20.599
18,3,10,13.0,256.0,16.0,256.0,60.0,28,13.0,19.499
2,5,20,12.0,512.0,8.0,0.0,60.0,24,15.6,14.899
16,5,20,11.0,512.0,8.0,0.0,165.0,45,15.6,26.6292
19,1,20,11.0,512.0,8.0,0.0,60.0,21,15.6,16.399
2,1,20,12.0,1.0,24.0,0.0,60.0,24,15.6,18.299
11,1,7,5.0,256.0,8.0,0.0,60.0,36,15.6,21.999
16,5,20,11.0,512.0,16.0,0.0,120.0,45,15.6,27.894
18,1,21,12.0,1.0,32.0,0.0,144.0,54,15.6,38.999
3,1,19,11.0,1.0,16.0,0.0,60.0,24,15.6,12.399
19,1,20,12.0,1.0,16.0,0.0,144.0,54,15.6,38.888
19,5,20,12.0,512.0,8.0,0.0,144.0,53,15.6,34.9243
11,1,7,6.0,512.0,8.0,0.0,144.0,46,16.1,24.7241
3,1,21,11.0,500.0,16.0,0.0,60.0,21,15.6,14.9555
0,1,21,12.0,1.0,8.0,0.0,165.0,54,15.6,34.999
16,5,8,5.0,512.0,16.0,0.0,60.0,3,15.6,15.3378
11,1,7,5.0,512.0,16.0,0.0,144.0,10,15.6,22.299
16,1,6,7.0,256.0,8.0,0.0,60.0,3,15.6,9.799
11,1,7,5.0,512.0,16.0,0.0,60.0,3,15.6,11.3999
2,5,20,10.0,512.0,32.0,0.0,60.0,36,15.6,26.1188
3,1,21,12.0,1.0,32.0,0.0,60.0,21,15.6,20.499
2,3,10,13.0,128.0,16.0,0.0,60.0,28,15.6,8.674
0,3,10,13.0,256.0,16.0,256.0,60.0,28,13.0,22.49
2,5,20,11.0,1.0,32.0,0.0,144.0,45,15.6,30.1932
18,1,20,12.0,1.0,16.0,0.0,144.0,53,15.6,29.999
16,1,20,12.0,512.0,8.0,0.0,60.0,24,15.6,15.499
2,5,17,13.0,256.0,16.0,0.0,60.0,25,14.0,9.4041
2,5,20,10.0,512.0,8.0,0.0,144.0,36,15.6,26.2332
1,3,14,12.0,1.0,32.0,1.0,120.0,32,14.0,113.3119
1,3,10,3.0,256.0,8.0,250.0,120.0,14,13.3,28.999
2,1,21,12.0,512.0,16.0,0.0,60.0,24,15.6,21.2248
16,5,20,11.0,512.0,8.0,0.0,120.0,36,15.6,24.9321
18,3,10,13.0,256.0,16.0,256.0,60.0,28,13.0,34.999
3,1,17,4.0,120.0,8.0,0.0,60.0,16,15.6,8.427
19,1,21,12.0,1.0,16.0,0.0,144.0,54,17.3,57.449
16,5,20,11.0,512.0,8.0,0.0,120.0,45,15.6,26.984
2,1,20,11.0,512.0,8.0,256.0,60.0,45,15.6,27.399
16,1,20,12.0,512.0,8.0,0.0,120.0,45,15.6,24.934
0,1,20,12.0,512.0,16.0,0.0,144.0,53,15.6,29.999
16,5,8,5.0,1.0,16.0,0.0,60.0,3,15.6,17.075
16,1,4,10.0,256.0,8.0,0.0,60.0,3,15.6,8.9
16,1,7,7.0,256.0,8.0,0.0,60.0,3,15.6,9.849
4,3,10,13.0,1.0,16.0,0.0,60.0,28,15.6,15.1999
16,5,8,5.0,512.0,8.0,0.0,60.0,3,15.6,14.7456
0,1,20,11.0,512.0,8.0,0.0,60.0,41,15.6,14.999
16,3,10,13.0,256.0,16.0,256.0,60.0,28,13.0,13.189
19,5,21,12.0,1.0,64.0,0.0,144.0,55,17.3,54.6359
16,5,8,5.0,512.0,8.0,0.0,60.0,3,15.6,14.434
16,5,17,1.0,256.0,4.0,0.0,60.0,25,15.6,7.8282
0,3,10,13.0,512.0,16.0,512.0,60.0,28,14.0,19.5
11,5,8,5.0,512.0,8.0,0.0,60.0,14,15.6,12.999
2,5,20,10.0,1.0,8.0,0.0,60.0,36,15.6,27.6192
16,0,17,13.0,0.0,4.0,0.0,60.0,14,11.6,6.499
1,3,27,13.0,256.0,16.0,0.0,60.0,30,13.6,44.399
2,3,10,13.0,512.0,16.0,0.0,60.0,28,14.0,13.899
2,5,20,11.0,1.0,8.0,0.0,144.0,45,15.6,29.5438
3,1,21,12.0,1.0,32.0,0.0,144.0,45,15.6,31.999
16,1,20,11.0,512.0,8.0,0.0,120.0,36,15.6,21.198
19,5,21,12.0,512.0,16.0,0.0,144.0,53,15.6,32.999
16,5,8,5.0,512.0,8.0,0.0,60.0,3,15.6,14.984
11,1,7,11.0,256.0,8.0,0.0,60.0,14,15.6,10.0999
1,3,27,13.0,256.0,16.0,0.0,60.0,30,13.6,40.0813
18,3,10,13.0,256.0,16.0,256.0,60.0,28,13.0,27.099
2,5,20,11.0,512.0,8.0,0.0,144.0,45,15.6,28.2132
16,1,21,12.0,512.0,16.0,0.0,60.0,21,15.6,18.799
3,1,20,12.0,500.0,8.0,0.0,144.0,36,15.6,22.999
1,3,27,2.0,256.0,8.0,256.0,120.0,30,13.0,43.499
2,5,20,11.0,512.0,8.0,0.0,144.0,45,15.6,28.2105
16,5,20,12.0,512.0,8.0,0.0,60.0,21,14.0,23.999
2,5,19,11.0,256.0,12.0,0.0,60.0,24,15.6,10.699
4,5,7,13.0,512.0,16.0,0.0,120.0,45,15.6,24.899
2,5,21,12.0,1.0,32.0,0.0,144.0,45,15.6,41.9444
16,1,8,5.0,512.0,16.0,0.0,60.0,14,15.6,14.999
1,3,13,1.0,256.0,8.0,250.0,120.0,31,13.6,35.999
16,1,6,11.0,256.0,4.0,0.0,60.0,14,15.6,8.499
2,5,21,12.0,1.0,16.0,0.0,144.0,45,15.6,40.775
19,5,21,13.0,1.0,32.0,0.0,144.0,55,15.6,66.289
3,1,8,5.0,1.0,16.0,0.0,60.0,3,15.6,13.4549
2,1,19,12.0,512.0,8.0,0.0,60.0,24,15.6,10.999
2,5,20,11.0,512.0,8.0,0.0,144.0,45,15.6,28.2132
3,1,20,11.0,500.0,8.0,0.0,60.0,21,15.6,13.999
11,1,20,13.0,512.0,16.0,0.0,144.0,53,15.6,30.999
3,1,20,12.0,1.0,16.0,0.0,144.0,53,15.6,29.4118
2,5,21,12.0,512.0,16.0,0.0,144.0,45,15.6,38.9744
19,1,20,11.0,512.0,8.0,0.0,60.0,45,15.6,25.699
11,3,10,13.0,1.0,16.0,0.0,60.0,28,15.6,31.199
2,5,20,11.0,1.0,16.0,0.0,144.0,45,15.6,31.25
11,5,20,11.0,512.0,8.0,0.0,60.0,21,15.6,14.7928
0,5,20,12.0,256.0,8.0,0.0,144.0,44,15.6,23.5988
13,5,19,10.0,256.0,8.0,0.0,60.0,14,14.0,13.79
19,1,20,12.0,512.0,8.0,0.0,60.0,14,15.6,16.899
16,5,8,5.0,1.0,16.0,0.0,60.0,3,15.6,16.984
2,5,20,10.0,256.0,8.0,256.0,90.0,27,15.6,13.099
2,5,20,11.0,1.0,32.0,0.0,144.0,45,15.6,33.5
4,1,20,11.0,512.0,16.0,0.0,60.0,41,15.6,15.9195
16,5,8,5.0,512.0,8.0,0.0,60.0,3,15.6,14.5058
11,1,8,6.0,512.0,8.0,0.0,144.0,46,16.1,26.595
19,3,10,13.0,256.0,16.0,256.0,60.0,28,13.0,22.999
3,1,20,11.0,500.0,8.0,0.0,60.0,21,15.6,11.689
11,1,19,13.0,512.0,8.0,0.0,60.0,14,14.0,10.899
19,1,20,11.0,512.0,16.0,0.0,144.0,58,15.6,30.65
2,5,21,12.0,0.0,16.0,1.0,60.0,58,15.6,184.999
11,5,20,11.0,512.0,16.0,0.0,90.0,53,15.6,29.799
11,1,21,13.0,1.0,16.0,0.0,144.0,54,16.1,39.999
1,3,27,2.0,256.0,8.0,256.0,120.0,30,13.0,41.899
13,5,22,13.0,1.0,16.0,0.0,60.0,21,16.0,39.5
16,1,8,6.0,512.0,16.0,0.0,120.0,46,15.6,25.999
13,5,20,10.0,512.0,8.0,512.0,60.0,26,14.0,18.799
17,5,20,12.0,128.0,8.0,0.0,120.0,21,13.0,39.005
16,5,20,12.0,256.0,8.0,256.0,60.0,24,15.6,15.999
16,3,10,13.0,256.0,16.0,256.0,60.0,28,13.0,11.099
3,1,20,12.0,1.0,16.0,0.0,60.0,21,15.6,15.799
6,1,20,11.0,128.0,4.0,0.0,60.0,21,15.6,9.4041
11,1,20,13.0,512.0,16.0,0.0,144.0,45,15.6,26.999
2,5,20,12.0,512.0,8.0,0.0,60.0,14,14.0,25.999
16,5,20,12.0,512.0,8.0,512.0,60.0,24,15.6,15.999
16,5,20,10.0,512.0,8.0,0.0,60.0,40,15.6,15.625
18,1,20,12.0,1.0,32.0,0.0,60.0,21,14.1,23.499
11,5,21,13.0,1.0,32.0,0.0,60.0,27,14.0,60.562
11,5,8,5.0,512.0,16.0,0.0,60.0,12,15.6,13.999
11,1,7,11.0,256.0,8.0,0.0,60.0,14,15.6,10.0799
11,1,7,5.0,1.0,32.0,0.0,60.0,3,15.6,12.9999
0,5,20,12.0,512.0,8.0,0.0,144.0,45,15.6,22.999
1,3,27,13.0,256.0,16.0,0.0,60.0,31,13.6,46.96
0,1,20,12.0,512.0,8.0,0.0,144.0,45,15.6,22.07
1,3,13,1.0,256.0,8.0,250.0,120.0,31,13.6,35.999
16,1,8,5.0,512.0,16.0,0.0,60.0,3,15.6,13.995
19,1,21,12.0,512.0,16.0,0.0,144.0,54,15.6,42.999
18,1,22,13.0,2.0,64.0,0.0,240.0,57,17.0,138.999
0,1,20,11.0,512.0,8.0,0.0,60.0,42,15.6,16.499
2,1,20,11.0,256.0,8.0,0.0,60.0,21,15.6,12.799
4,1,20,11.0,512.0,8.0,0.0,60.0,21,15.6,12.869
1,3,10,13.0,256.0,8.0,0.0,60.0,14,13.3,36.399
16,5,20,12.0,512.0,8.0,500.0,144.0,45,15.6,27.449
16,1,21,11.0,512.0,16.0,0.0,165.0,45,15.6,28.599
3,1,21,11.0,500.0,8.0,0.0,60.0,14,15.6,16.999
4,1,19,11.0,0.0,8.0,1.0,60.0,16,14.0,9.399
3,5,17,13.0,120.0,4.0,0.0,60.0,25,15.6,7.999
2,1,8,7.0,512.0,16.0,0.0,144.0,53,15.6,31.899
3,1,21,12.0,2.0,32.0,0.0,144.0,54,15.6,41.799
3,3,10,13.0,256.0,16.0,256.0,60.0,28,13.0,27.399
13,3,10,13.0,512.0,16.0,0.0,60.0,28,16.0,24.999
11,3,10,13.0,256.0,16.0,256.0,60.0,28,13.0,28.999
3,1,21,12.0,2.0,32.0,0.0,60.0,14,15.6,20.999
18,3,10,13.0,256.0,16.0,256.0,60.0,28,13.0,43.699
4,1,21,13.0,512.0,16.0,0.0,120.0,45,15.6,34.999
13,5,22,13.0,1.0,16.0,0.0,60.0,27,16.0,37.989
2,1,21,13.0,512.0,16.0,0.0,165.0,53,16.0,42.399
18,1,20,12.0,512.0,16.0,0.0,120.0,21,15.6,19.249
0,1,20,11.0,512.0,8.0,0.0,60.0,14,15.6,12.499
19,1,21,12.0,1.0,16.0,0.0,144.0,53,17.3,46.499
16,1,17,13.0,128.0,4.0,0.0,60.0,25,14.0,8.333
0,1,19,11.0,256.0,8.0,0.0,60.0,24,15.6,9.699
11,1,20,12.0,512.0,8.0,0.0,60.0,21,15.6,24.322
11,3,10,13.0,256.0,16.0,256.0,60.0,28,13.0,28.2646
25,5,21,11.0,512.0,16.0,0.0,90.0,27,15.6,29.999
11,1,6,7.0,256.0,8.0,0.0,60.0,3,15.6,10.15
20,5,20,12.0,256.0,8.0,0.0,60.0,21,13.3,39.9
0,1,7,6.0,512.0,8.0,0.0,144.0,45,15.6,23.499
16,1,20,11.0,512.0,8.0,0.0,60.0,27,15.6,14.299
16,1,8,5.0,512.0,16.0,0.0,60.0,3,15.6,13.099
11,1,7,7.0,512.0,16.0,0.0,144.0,54,16.1,32.999
11,5,20,11.0,512.0,16.0,0.0,144.0,46,15.6,27.499
16,1,20,12.0,256.0,8.0,0.0,60.0,21,15.6,22.199
9,5,17,13.0,128.0,4.0,0.0,60.0,13,14.1,5.999
4,1,19,11.0,0.0,4.0,1.0,60.0,16,14.0,8.274
2,5,21,12.0,2.0,40.0,0.0,60.0,24,15.6,44.999
0,1,20,11.0,512.0,16.0,0.0,165.0,46,17.3,25.695
11,1,21,13.0,1.0,32.0,0.0,144.0,54,16.1,43.699
0,1,20,12.0,512.0,16.0,0.0,144.0,46,15.6,26.299
19,5,21,12.0,512.0,16.0,0.0,144.0,45,15.6,31.6799
18,1,20,13.0,1.0,32.0,0.0,144.0,53,17.3,36.3693
4,2,21,12.0,1.0,32.0,0.0,60.0,21,15.6,22.6278
16,5,8,5.0,512.0,16.0,512.0,60.0,4,16.0,25.595
11,1,20,11.0,256.0,8.0,0.0,60.0,24,15.6,10.89
18,5,21,13.0,1.0,32.0,0.0,144.0,53,17.3,42.999
2,5,17,4.0,128.0,4.0,0.0,60.0,24,14.0,6.91
16,1,20,12.0,512.0,16.0,0.0,120.0,46,15.6,25.999
2,5,22,13.0,2.0,32.0,0.0,120.0,54,14.5,168.2991
6,1,20,11.0,500.0,8.0,0.0,60.0,21,15.6,10.6911
0,5,17,13.0,128.0,4.0,0.0,60.0,24,15.6,7.389
2,3,10,13.0,512.0,16.0,0.0,60.0,28,15.6,27.599
2,1,17,5.0,1.0,16.0,0.0,60.0,25,15.6,13.7101
0,5,20,11.0,0.0,8.0,512.0,60.0,42,15.6,15.999
2,1,8,7.0,512.0,8.0,0.0,144.0,53,15.6,30.999
18,1,21,13.0,1.0,16.0,0.0,144.0,53,17.3,35.799
3,1,21,13.0,1.0,32.0,0.0,165.0,54,16.0,47.799
2,3,10,13.0,256.0,16.0,0.0,60.0,28,15.6,9.899
2,5,20,10.0,512.0,16.0,0.0,144.0,36,15.6,26.1351
2,1,21,13.0,512.0,16.0,0.0,165.0,54,16.0,51.4052
3,1,7,5.0,500.0,8.0,0.0,60.0,3,15.6,11.5151
13,5,19,11.0,256.0,8.0,0.0,60.0,24,15.6,19.999
19,1,21,12.0,512.0,16.0,500.0,144.0,53,15.6,40.67
19,1,21,12.0,1.0,16.0,0.0,144.0,58,17.3,39.999
2,1,20,12.0,512.0,8.0,0.0,60.0,24,15.6,13.299
2,1,20,12.0,256.0,8.0,0.0,60.0,14,15.6,13.999
16,1,7,5.0,256.0,16.0,0.0,60.0,3,15.6,14.49
3,1,20,12.0,1.0,16.0,0.0,144.0,45,15.6,26.299
19,1,20,11.0,512.0,16.0,0.0,144.0,44,15.6,25.499
2,5,8,7.0,512.0,8.0,0.0,144.0,54,15.6,37.925
2,1,8,13.0,512.0,8.0,0.0,144.0,53,15.6,31.999
11,1,20,12.0,512.0,16.0,0.0,144.0,53,15.6,28.299
21,3,10,13.0,256.0,16.0,256.0,60.0,28,13.0,6.59
0,1,7,7.0,512.0,16.0,0.0,165.0,53,16.0,36.999
16,1,20,12.0,1.0,16.0,0.0,120.0,46,15.6,26.499
19,1,7,13.0,512.0,8.0,0.0,60.0,65,14.0,22.499
0,3,10,13.0,256.0,16.0,0.0,60.0,28,15.6,11.849
2,5,17,13.0,256.0,8.0,0.0,60.0,25,14.0,8.8101
2,1,22,13.0,2.0,64.0,0.0,240.0,57,18.0,172.8296
2,1,8,3.0,512.0,24.0,0.0,60.0,3,15.6,15.0
16,1,8,5.0,256.0,8.0,0.0,60.0,3,15.6,11.9499
0,1,20,12.0,256.0,8.0,0.0,144.0,44,15.6,21.999
23,1,19,10.0,256.0,8.0,0.0,60.0,20,14.0,14.3
11,1,8,7.0,1.0,16.0,0.0,144.0,45,16.1,28.999
2,1,20,12.0,256.0,16.0,0.0,60.0,24,15.6,14.799
2,3,10,13.0,256.0,16.0,256.0,60.0,28,13.0,16.999
2,5,20,11.0,512.0,8.0,0.0,60.0,44,15.6,24.949
16,1,20,12.0,512.0,16.0,0.0,120.0,45,15.6,24.999
16,1,21,11.0,512.0,8.0,0.0,60.0,21,15.6,17.979
0,1,20,11.0,1.0,8.0,0.0,144.0,45,15.6,24.9988
2,1,17,5.0,256.0,8.0,0.0,60.0,25,15.6,9.4531
2,5,19,10.0,256.0,4.0,0.0,60.0,24,15.6,9.499
2,1,20,10.0,512.0,16.0,0.0,60.0,36,15.6,24.7346
2,5,22,12.0,1.0,16.0,0.0,120.0,46,13.4,40.8959
2,1,17,13.0,128.0,8.0,0.0,60.0,24,15.6,8.099
16,1,20,11.0,256.0,8.0,0.0,144.0,21,15.6,12.629
16,3,10,13.0,256.0,16.0,256.0,60.0,28,13.0,8.999
16,1,20,11.0,512.0,16.0,0.0,60.0,40,14.0,13.773
11,1,7,5.0,256.0,8.0,0.0,60.0,3,15.6,16.099
16,1,8,5.0,1.0,16.0,1.0,90.0,9,14.0,35.999
4,1,21,13.0,512.0,16.0,0.0,120.0,45,15.6,35.999
0,1,6,7.0,256.0,8.0,0.0,60.0,3,15.6,9.299
16,5,22,12.0,1.0,32.0,0.0,60.0,13,16.0,187.349
11,5,21,11.0,512.0,8.0,0.0,60.0,42,14.0,34.999
0,5,17,13.0,128.0,4.0,0.0,60.0,14,15.6,8.9
2,5,31,13.0,512.0,16.0,500.0,120.0,3,7.0,32.987
11,1,7,7.0,512.0,16.0,0.0,144.0,53,16.1,29.999
6,1,20,11.0,512.0,16.0,0.0,60.0,21,15.6,11.4331
16,5,21,13.0,1.0,16.0,0.0,60.0,14,16.0,53.19
2,5,17,4.0,128.0,12.0,0.0,60.0,24,15.6,8.549
16,1,5,10.0,0.0,8.0,1.0,60.0,14,15.6,15.555
16,1,17,13.0,256.0,4.0,256.0,60.0,25,14.0,9.499
16,1,20,11.0,512.0,8.0,0.0,60.0,14,15.6,14.999
3,5,20,11.0,500.0,8.0,0.0,60.0,27,15.6,14.699
16,1,19,11.0,512.0,8.0,0.0,60.0,65,15.6,10.4999
16,5,29,5.0,32.0,36.0,500.0,90.0,42,18.0,9.074
19,5,20,12.0,512.0,8.0,0.0,144.0,44,15.6,24.599
4,5,7,5.0,512.0,8.0,0.0,60.0,3,15.6,16.0
16,1,7,7.0,512.0,16.0,0.0,120.0,53,15.6,27.599
2,5,17,13.0,128.0,8.0,0.0,60.0,24,14.0,9.499
4,2,21,13.0,512.0,16.0,0.0,165.0,54,16.0,45.499
16,1,20,12.0,512.0,16.0,0.0,165.0,58,15.6,27.999
2,6,20,11.0,256.0,8.0,256.0,60.0,14,14.0,17.0
2,1,20,11.0,512.0,16.0,0.0,60.0,21,14.0,16.5
2,6,20,11.0,256.0,8.0,256.0,60.0,24,15.6,14.999
16,1,21,11.0,512.0,32.0,0.0,60.0,58,15.6,37.999
18,1,21,11.0,1.0,16.0,0.0,144.0,46,15.6,29.399
18,5,21,12.0,1.0,32.0,0.0,144.0,54,17.3,47.249
1,3,10,13.0,256.0,16.0,256.0,60.0,28,13.0,54.999
13,5,19,11.0,256.0,8.0,0.0,60.0,24,14.0,13.899
16,1,4,13.0,256.0,8.0,0.0,60.0,3,15.6,8.889
16,1,20,12.0,512.0,16.0,0.0,120.0,58,15.6,27.299
0,5,21,11.0,512.0,16.0,512.0,60.0,40,14.0,18.999
1,3,27,13.0,256.0,16.0,0.0,60.0,31,13.0,43.99
13,1,16,1.0,120.0,1.0,0.0,60.0,6,10.0,56.5343
3,3,10,13.0,500.0,16.0,256.0,60.0,28,15.6,14.5
16,5,20,11.0,512.0,8.0,512.0,120.0,21,15.6,14.619
16,1,8,6.0,1.0,32.0,0.0,165.0,48,16.0,46.999
11,1,7,5.0,256.0,4.0,0.0,60.0,3,15.6,9.699
16,5,20,10.0,512.0,8.0,512.0,90.0,27,14.0,25.999
3,5,20,11.0,500.0,8.0,0.0,60.0,21,15.6,13.79
3,1,20,12.0,500.0,16.0,0.0,144.0,44,15.6,24.8714
16,1,20,12.0,512.0,8.0,512.0,60.0,24,14.0,14.249
19,5,20,12.0,512.0,16.0,500.0,144.0,45,15.6,28.899
20,1,20,11.0,256.0,8.0,256.0,60.0,23,15.6,21.499
0,5,20,11.0,512.0,16.0,0.0,60.0,21,15.6,14.999
1,3,15,13.0,512.0,16.0,0.0,120.0,33,14.0,74.9
3,1,21,11.0,1.0,16.0,0.0,60.0,21,15.6,16.899
2,2,17,3.0,0.0,4.0,256.0,60.0,18,15.6,9.499
16,5,20,11.0,0.0,8.0,500.0,165.0,45,15.6,23.718
3,3,10,13.0,256.0,16.0,256.0,60.0,28,13.0,11.899
11,1,8,7.0,1.0,16.0,0.0,144.0,54,16.1,36.999
19,1,20,11.0,512.0,8.0,0.0,60.0,44,15.6,24.5
19,5,21,13.0,1.0,32.0,0.0,144.0,54,17.3,59.99
2,5,7,5.0,0.0,16.0,512.0,60.0,69,14.0,29.999
1,3,28,3.0,512.0,18.0,0.0,120.0,34,14.0,78.999
0,1,20,11.0,512.0,16.0,0.0,60.0,42,15.6,22.5
2,1,19,11.0,256.0,8.0,0.0,60.0,24,15.6,9.8001
16,1,20,12.0,512.0,8.0,0.0,60.0,46,15.6,23.999
16,1,6,7.0,512.0,8.0,0.0,60.0,3,15.6,9.799
2,5,7,5.0,0.0,16.0,512.0,60.0,3,14.0,33.999
16,3,10,13.0,256.0,16.0,256.0,60.0,28,13.0,9.249
16,1,7,7.0,512.0,16.0,0.0,60.0,14,15.6,12.999
2,1,21,12.0,1.0,16.0,0.0,144.0,45,15.6,31.999
3,3,10,13.0,120.0,16.0,0.0,60.0,28,15.6,9.999
2,5,21,11.0,2.0,16.0,0.0,120.0,42,14.0,49.99
2,1,20,12.0,512.0,16.0,0.0,60.0,24,15.6,16.899
18,1,20,12.0,512.0,8.0,0.0,120.0,21,15.6,18.299
2,5,29,5.0,32.0,36.0,500.0,90.0,42,18.0,9.733
3,1,20,11.0,500.0,8.0,0.0,60.0,27,15.6,12.9428
2,5,20,12.0,512.0,16.0,0.0,60.0,21,15.6,16.999
2,1,20,12.0,512.0,16.0,0.0,60.0,24,15.6,15.899
16,3,10,13.0,256.0,16.0,256.0,60.0,28,13.0,24.149
8,1,20,12.0,512.0,16.0,0.0,144.0,54,15.6,31.099
2,1,9,9.0,1.0,16.0,0.0,60.0,45,15.6,45.999
2,1,17,13.0,128.0,16.0,0.0,60.0,24,15.6,8.649
3,1,20,12.0,500.0,8.0,0.0,144.0,45,15.6,25.099
3,1,22,13.0,2.0,64.0,0.0,165.0,57,16.0,100.999
2,1,7,7.0,512.0,8.0,0.0,60.0,3,15.6,12.2471
13,5,22,12.0,1.0,16.0,0.0,60.0,21,16.0,39.499
3,1,20,12.0,500.0,16.0,0.0,144.0,36,15.6,23.599
18,1,21,12.0,1.0,32.0,0.0,120.0,21,15.6,26.499
4,1,19,11.0,256.0,8.0,0.0,60.0,24,14.0,9.07
2,5,22,13.0,2.0,64.0,0.0,240.0,56,16.0,125.433
19,1,22,13.0,512.0,16.0,0.0,144.0,55,17.3,55.5024
1,3,13,2.0,256.0,8.0,256.0,120.0,30,15.0,44.999
2,1,9,7.0,1.0,16.0,0.0,240.0,55,17.3,65.999
1,3,27,13.0,512.0,8.0,0.0,60.0,31,13.0,44.9
0,1,20,11.0,512.0,8.0,0.0,144.0,36,15.6,23.0
19,1,21,12.0,1.0,32.0,0.0,144.0,58,17.3,42.499
13,3,10,13.0,512.0,16.0,0.0,60.0,28,15.6,19.899
2,5,21,12.0,1.0,16.0,0.0,60.0,24,15.6,30.499
0,2,7,3.0,512.0,8.0,512.0,60.0,14,15.6,10.499
3,1,21,12.0,500.0,16.0,0.0,60.0,21,15.6,18.899
16,1,4,7.0,256.0,8.0,0.0,60.0,3,15.6,9.4467
2,1,8,4.0,512.0,16.0,0.0,144.0,46,15.6,39.1387
1,3,27,2.0,256.0,8.0,512.0,144.0,31,13.0,42.499
16,1,20,12.0,512.0,16.0,512.0,60.0,27,13.3,21.999
11,1,8,5.0,512.0,16.0,0.0,144.0,46,15.6,28.099
4,4,19,11.0,0.0,4.0,1.0,60.0,24,14.0,8.4141
3,1,17,13.0,240.0,4.0,0.0,60.0,25,15.6,8.811
2,1,8,13.0,512.0,16.0,0.0,144.0,54,15.6,44.999
16,1,20,11.0,512.0,16.0,0.0,60.0,41,15.6,18.7074
16,1,20,11.0,512.0,8.0,0.0,120.0,45,15.6,22.899
2,5,20,12.0,512.0,8.0,0.0,60.0,45,16.0,27.309
19,1,22,13.0,512.0,16.0,0.0,144.0,55,15.6,55.399
2,1,20,11.0,256.0,8.0,0.0,60.0,14,15.6,11.799
16,5,19,12.0,256.0,8.0,256.0,60.0,24,15.6,11.65
2,3,10,13.0,256.0,16.0,256.0,60.0,28,13.0,7.148
2,1,20,11.0,256.0,16.0,0.0,60.0,14,15.6,12.749
11,1,7,5.0,256.0,16.0,0.0,60.0,3,15.6,10.8999
2,1,21,13.0,512.0,16.0,0.0,165.0,53,16.0,42.999
4,1,18,13.0,256.0,8.0,0.0,60.0,14,15.6,168.3851
2,1,20,11.0,512.0,16.0,0.0,60.0,40,14.0,17.499
2,1,20,5.0,256.0,16.0,0.0,60.0,24,15.6,14.299
16,5,19,10.0,256.0,4.0,0.0,60.0,24,14.0,11.399
19,5,21,12.0,1.0,32.0,0.0,144.0,55,15.6,53.6
2,1,9,7.0,512.0,16.0,0.0,144.0,55,15.6,52.499
1,3,28,3.0,512.0,36.0,0.0,120.0,34,16.0,109.399
4,1,19,11.0,512.0,8.0,0.0,60.0,24,14.0,9.3715
3,1,20,11.0,500.0,8.0,0.0,60.0,21,15.6,14.799
16,5,22,10.0,1.0,16.0,0.0,90.0,57,16.0,159.999
2,5,6,3.0,256.0,12.0,0.0,60.0,3,15.6,9.5521
2,5,17,4.0,128.0,8.0,0.0,60.0,24,15.6,8.199
0,5,20,10.0,1.0,8.0,0.0,90.0,53,15.6,27.999
1,3,10,13.0,256.0,16.0,256.0,60.0,28,13.0,44.999
2,1,20,11.0,1.0,16.0,0.0,144.0,45,15.6,27.6192
0,1,20,11.0,512.0,16.0,0.0,144.0,46,17.3,27.6984
2,5,17,10.0,128.0,4.0,0.0,60.0,24,14.0,6.999
16,1,20,11.0,1.0,24.0,2.0,60.0,41,15.6,20.7335
16,1,21,10.0,256.0,4.0,0.0,120.0,51,14.0,16.0
19,1,21,12.0,512.0,16.0,0.0,144.0,53,17.3,48.849
1,3,13,2.0,256.0,8.0,256.0,120.0,30,15.0,51.999
2,1,17,13.0,256.0,16.0,0.0,60.0,24,15.6,9.199
3,1,20,12.0,500.0,16.0,0.0,144.0,54,15.6,33.999
11,1,21,12.0,512.0,8.0,0.0,60.0,43,15.6,19.9
19,5,22,13.0,1.0,32.0,0.0,144.0,55,17.3,73.919
16,5,20,7.0,256.0,8.0,0.0,90.0,21,15.6,13.999
11,1,8,7.0,512.0,8.0,0.0,60.0,14,15.6,14.85
18,5,21,13.0,1.0,32.0,0.0,165.0,55,16.0,65.499
16,5,20,13.0,1.0,16.0,0.0,60.0,27,15.6,17.539
0,5,21,13.0,512.0,16.0,0.0,60.0,21,14.0,33.999
16,1,20,12.0,512.0,16.0,0.0,120.0,45,15.6,24.899
13,1,0,10.0,512.0,8.0,0.0,120.0,3,14.0,38.0
2,5,20,10.0,512.0,8.0,512.0,90.0,27,16.0,15.999
16,1,20,12.0,512.0,16.0,0.0,60.0,13,15.6,22.799
11,1,7,5.0,512.0,32.0,0.0,144.0,10,15.6,24.299
0,5,20,12.0,512.0,16.0,0.0,144.0,53,15.6,29.999
16,1,17,4.0,0.0,4.0,128.0,60.0,24,15.6,7.15
1,3,27,13.0,512.0,8.0,0.0,60.0,13,13.6,42.999
2,5,17,13.0,128.0,4.0,0.0,60.0,65,15.6,9.899
2,1,21,8.0,256.0,8.0,250.0,60.0,14,14.0,18.4797
6,1,20,11.0,512.0,32.0,0.0,60.0,21,15.6,12.5721
11,1,21,13.0,1.0,16.0,0.0,144.0,55,16.1,48.899
19,1,20,12.0,512.0,8.0,0.0,144.0,53,15.6,29.399
3,1,22,13.0,1.0,64.0,0.0,165.0,57,16.0,105.199
1,3,13,13.0,512.0,16.0,0.0,60.0,14,13.3,64.96
3,1,21,12.0,1.0,16.0,0.0,144.0,45,15.6,28.899
16,1,20,11.0,256.0,8.0,0.0,60.0,40,14.0,12.6256
16,1,17,9.0,128.0,4.0,0.0,60.0,25,15.6,6.829
11,1,20,13.0,512.0,16.0,0.0,144.0,53,16.1,30.999
4,5,21,13.0,1.0,16.0,0.0,60.0,44,14.0,34.999
11,3,10,13.0,256.0,16.0,256.0,60.0,28,13.0,11.999
2,5,20,11.0,512.0,16.0,0.0,144.0,44,15.6,25.799
2,1,19,11.0,128.0,4.0,128.0,60.0,24,15.6,9.249
3,1,20,12.0,500.0,16.0,0.0,60.0,21,15.6,16.799
0,5,19,10.0,256.0,4.0,256.0,90.0,24,15.6,9.572
2,5,7,4.0,0.0,8.0,256.0,60.0,3,15.6,13.999
4,1,22,13.0,1.0,32.0,0.0,165.0,54,15.6,49.659
2,1,7,5.0,512.0,8.0,0.0,60.0,14,16.0,14.3
18,1,20,12.0,500.0,8.0,0.0,144.0,53,15.6,29.999
4,5,21,13.0,1.0,16.0,0.0,165.0,56,16.0,62.999
2,1,20,12.0,512.0,16.0,0.0,120.0,44,16.0,26.089
13,5,8,5.0,512.0,16.0,512.0,60.0,3,15.6,22.29
4,1,19,11.0,128.0,16.0,0.0,60.0,24,14.0,9.3715
16,5,20,12.0,512.0,8.0,0.0,60.0,21,15.6,14.999
19,1,8,7.0,512.0,16.0,0.0,144.0,54,15.6,39.999
16,5,20,11.0,256.0,16.0,0.0,60.0,21,13.5,42.999
6,1,20,11.0,128.0,4.0,0.0,60.0,21,15.6,9.599
11,1,25,12.0,4.0,16.0,500.0,90.0,60,13.4,18.999
4,2,22,13.0,1.0,32.0,0.0,165.0,55,16.0,61.799
19,5,20,12.0,512.0,8.0,0.0,60.0,21,15.6,20.964
16,1,21,12.0,512.0,16.0,0.0,60.0,21,12.3,34.999
19,1,21,12.0,1.0,16.0,0.0,144.0,58,15.6,39.099
16,1,21,11.0,512.0,32.0,0.0,60.0,42,14.0,39.999
2,1,21,13.0,512.0,8.0,0.0,165.0,54,16.0,51.2698
4,1,21,13.0,512.0,16.0,0.0,165.0,53,15.6,39.199
2,3,10,13.0,256.0,16.0,256.0,60.0,28,13.0,33.333
2,3,10,13.0,256.0,16.0,0.0,60.0,28,15.6,13.499
18,3,10,13.0,256.0,16.0,256.0,60.0,28,13.0,29.899
0,1,8,7.0,1.0,16.0,0.0,165.0,54,16.0,39.899
19,1,25,13.0,256.0,16.0,0.0,60.0,14,15.6,21.5798
18,1,21,12.0,512.0,16.0,0.0,60.0,21,14.1,22.499
2,1,20,12.0,256.0,8.0,256.0,60.0,27,18.0,14.93
0,1,20,11.0,1.0,8.0,1.0,144.0,45,15.6,20.0123
19,1,7,11.0,512.0,16.0,0.0,60.0,3,14.0,23.25
2,5,19,11.0,128.0,8.0,0.0,60.0,24,15.6,9.899
13,5,29,5.0,32.0,36.0,500.0,90.0,42,18.0,39.499
16,5,20,11.0,512.0,16.0,0.0,165.0,45,15.6,26.5311
11,1,7,5.0,512.0,16.0,0.0,60.0,3,15.6,15.6065
2,1,19,11.0,256.0,4.0,0.0,60.0,24,15.6,9.899
11,1,21,13.0,1.0,16.0,0.0,165.0,54,17.3,50.199
2,5,6,3.0,256.0,8.0,0.0,60.0,3,15.6,9.8491
23,5,20,7.0,0.0,8.0,256.0,60.0,65,13.3,26.785
4,2,21,12.0,512.0,16.0,0.0,60.0,14,15.6,19.759
16,1,8,7.0,512.0,16.0,0.0,60.0,3,15.6,16.55
2,1,22,13.0,1.0,16.0,0.0,240.0,55,18.0,73.399
18,1,21,11.0,500.0,32.0,0.0,144.0,46,15.6,30.699
2,1,20,11.0,512.0,16.0,0.0,60.0,27,13.3,34.999
4,2,20,10.0,512.0,8.0,0.0,60.0,21,16.0,16.999
18,3,10,13.0,256.0,16.0,256.0,60.0,28,13.0,22.299
19,1,21,11.0,512.0,8.0,0.0,60.0,45,15.6,33.999
0,5,19,10.0,256.0,4.0,0.0,90.0,24,15.6,8.999
3,1,20,11.0,500.0,32.0,0.0,60.0,14,15.6,16.299
8,1,20,12.0,512.0,8.0,0.0,144.0,53,15.6,28.799
16,1,20,11.0,256.0,8.0,0.0,60.0,41,15.6,17.1651
16,1,8,7.0,512.0,16.0,0.0,90.0,3,13.3,32.999
0,1,8,7.0,1.0,32.0,0.0,165.0,54,16.0,41.899
0,5,20,12.0,1.0,32.0,0.0,144.0,46,15.6,28.8081
2,5,6,13.0,256.0,4.0,0.0,60.0,4,15.6,8.65
2,5,30,13.0,512.0,16.0,500.0,120.0,3,7.0,29.686
17,5,21,12.0,1.0,16.0,0.0,120.0,21,13.0,89.32
0,1,7,7.0,1.0,8.0,0.0,60.0,3,15.6,13.1161
16,1,21,12.0,1.0,32.0,1.0,120.0,45,15.6,33.3725
1,3,13,2.0,512.0,16.0,0.0,60.0,30,15.0,68.999
4,1,20,11.0,512.0,16.0,0.0,120.0,45,15.6,35.2773
16,1,20,12.0,512.0,16.0,0.0,60.0,14,16.0,18.499
18,5,21,12.0,1.0,16.0,0.0,144.0,54,17.3,41.999
18,1,21,12.0,1.0,32.0,0.0,60.0,21,14.1,26.499
11,1,8,5.0,1.0,16.0,0.0,144.0,58,16.1,33.449
22,5,20,13.0,512.0,12.0,0.0,60.0,13,15.6,16.019
4,1,19,11.0,256.0,8.0,0.0,60.0,16,14.0,9.4037
16,5,21,12.0,512.0,16.0,0.0,60.0,21,15.6,22.199
16,3,10,13.0,256.0,16.0,256.0,60.0,28,13.0,24.255
0,1,7,6.0,512.0,16.0,0.0,144.0,45,15.6,25.399
0,1,8,6.0,1.0,32.0,0.0,144.0,49,15.6,37.861
0,5,20,12.0,512.0,8.0,512.0,60.0,14,15.6,16.999
4,1,8,5.0,512.0,32.0,0.0,120.0,3,15.6,18.1501
0,2,7,5.0,512.0,16.0,0.0,144.0,45,15.6,22.699
16,1,7,5.0,512.0,16.0,0.0,60.0,3,15.6,12.999
0,1,21,11.0,512.0,16.0,0.0,144.0,48,15.6,36.625
16,1,17,11.0,256.0,4.0,128.0,60.0,25,15.6,8.5903
16,5,19,11.0,256.0,8.0,0.0,60.0,24,15.6,11.999
4,1,21,13.0,1.0,32.0,0.0,165.0,54,15.6,47.302
2,1,7,5.0,512.0,16.0,0.0,144.0,45,15.6,25.499
16,1,8,7.0,512.0,16.0,0.0,120.0,54,15.6,33.799
2,1,21,11.0,512.0,16.0,0.0,60.0,40,15.6,26.999
11,1,7,3.0,256.0,8.0,256.0,120.0,3,15.6,12.785
16,1,20,11.0,256.0,16.0,0.0,60.0,41,15.6,17.839
2,1,8,7.0,512.0,16.0,0.0,144.0,45,14.0,37.999
18,1,20,12.0,1.0,16.0,0.0,120.0,21,15.6,19.999
16,1,17,13.0,0.0,4.0,1.0,60.0,65,14.0,9.489
16,1,20,12.0,512.0,16.0,0.0,144.0,53,15.6,29.999
4,1,19,11.0,256.0,12.0,0.0,60.0,24,14.0,9.4454
16,5,7,13.0,256.0,8.0,0.0,60.0,3,15.6,12.899
4,5,20,13.0,512.0,16.0,512.0,60.0,21,14.0,23.321
4,2,20,11.0,256.0,8.0,0.0,60.0,21,15.6,12.669
2,1,17,13.0,512.0,8.0,0.0,60.0,24,15.6,9.149
16,5,17,1.0,512.0,4.0,0.0,60.0,25,15.6,8.5876
1,3,10,1.0,256.0,16.0,0.0,60.0,14,13.0,38.999
4,4,19,11.0,256.0,8.0,1.0,60.0,24,14.0,9.8999
2,3,10,13.0,512.0,16.0,0.0,60.0,28,15.6,16.499
18,1,21,12.0,500.0,16.0,0.0,144.0,54,17.3,39.699
6,1,20,11.0,128.0,8.0,0.0,60.0,21,15.6,9.5521
11,5,20,12.0,512.0,8.0,0.0,60.0,43,15.6,18.299
11,1,7,5.0,256.0,8.0,0.0,90.0,3,15.6,10.4
2,5,20,11.0,1.0,16.0,0.0,60.0,21,15.6,18.999
4,1,19,11.0,256.0,8.0,0.0,60.0,24,14.0,9.0691
0,1,21,12.0,1.0,16.0,0.0,165.0,54,15.6,39.999
3,1,20,11.0,500.0,16.0,0.0,60.0,27,15.6,14.999
16,1,21,12.0,512.0,16.0,0.0,60.0,43,15.6,27.999
16,3,10,13.0,512.0,16.0,0.0,60.0,28,15.6,16.0357
0,5,20,10.0,512.0,8.0,0.0,90.0,21,15.6,12.999
16,1,20,11.0,512.0,16.0,0.0,120.0,36,15.6,23.3838
4,1,20,11.0,256.0,16.0,0.0,60.0,40,14.0,13.3077
11,1,7,5.0,1.0,16.0,0.0,60.0,3,15.6,12.0999
2,1,21,10.0,512.0,8.0,500.0,60.0,24,14.0,19.074
0,5,20,11.0,512.0,16.0,0.0,144.0,45,15.6,26.0
2,1,21,13.0,512.0,8.0,0.0,165.0,53,16.0,47.0558
11,1,7,13.0,512.0,8.0,0.0,144.0,36,15.6,25.999
11,5,29,5.0,32.0,36.0,500.0,90.0,42,18.0,12.25
11,1,20,13.0,512.0,16.0,0.0,144.0,45,16.0,27.999
11,1,20,12.0,512.0,8.0,0.0,60.0,14,15.6,15.2999
16,1,7,7.0,512.0,8.0,0.0,60.0,6,15.6,12.447
3,1,21,12.0,500.0,16.0,0.0,144.0,45,15.6,28.199
5,1,17,4.0,256.0,8.0,250.0,60.0,16,15.6,8.5389
19,1,20,12.0,512.0,16.0,0.0,144.0,53,15.6,32.499
16,5,20,12.0,512.0,16.0,512.0,60.0,21,15.6,25.399
2,1,21,12.0,512.0,16.0,0.0,165.0,53,16.0,43.999
19,5,22,13.0,2.0,32.0,0.0,240.0,55,17.3,85.999
1,3,27,13.0,1.0,32.0,0.0,60.0,14,14.0,109.999
2,5,20,11.0,1.0,16.0,0.0,60.0,21,15.6,17.999
11,1,20,13.0,512.0,16.0,0.0,144.0,54,16.1,35.999
16,3,10,13.0,256.0,16.0,0.0,60.0,28,15.6,15.999
16,1,20,11.0,512.0,16.0,0.0,60.0,41,15.6,16.7503
3,1,20,12.0,500.0,32.0,0.0,144.0,54,15.6,34.299
0,5,20,11.0,512.0,8.0,0.0,60.0,43,15.6,17.99
1,3,10,13.0,256.0,16.0,0.0,60.0,28,13.3,39.9
2,1,21,13.0,1.0,16.0,0.0,60.0,14,15.6,24.349
16,1,17,1.0,128.0,4.0,256.0,60.0,25,14.0,8.499
2,5,20,11.0,256.0,8.0,0.0,60.0,24,15.6,12.999
2,5,20,11.0,512.0,16.0,0.0,60.0,21,15.6,17.999
16,1,19,11.0,256.0,4.0,256.0,60.0,16,15.6,9.549
3,5,20,12.0,1.0,16.0,0.0,60.0,21,15.6,19.199
16,1,8,12.0,1.0,16.0,0.0,60.0,3,15.6,13.999
3,1,21,12.0,1.0,64.0,0.0,144.0,54,15.6,39.899
18,1,20,12.0,1.0,32.0,0.0,120.0,21,15.6,23.199
11,1,21,13.0,1.0,32.0,0.0,165.0,54,16.1,50.999
16,5,19,11.0,256.0,8.0,0.0,60.0,13,15.6,10.499
3,1,21,12.0,500.0,32.0,0.0,144.0,54,15.6,36.799
16,1,20,12.0,1.0,16.0,0.0,120.0,58,15.6,29.639
16,1,20,12.0,512.0,8.0,512.0,60.0,24,14.0,14.499
2,5,21,12.0,1.0,16.0,0.0,60.0,24,15.6,24.4334
11,1,20,11.0,512.0,8.0,0.0,60.0,21,15.6,13.5999
23,5,21,6.0,256.0,8.0,256.0,60.0,65,12.5,33.4823
11,1,20,12.0,512.0,8.0,0.0,60.0,14,14.0,21.382
6,1,20,11.0,512.0,8.0,0.0,60.0,21,15.6,10.5921
4,1,19,11.0,256.0,16.0,0.0,60.0,24,14.0,10.1961
2,1,17,13.0,256.0,8.0,0.0,60.0,24,15.6,8.659
2,1,17,5.0,256.0,16.0,0.0,60.0,25,15.6,10.9881
4,4,20,11.0,512.0,16.0,0.0,60.0,21,15.6,15.679
19,3,10,13.0,256.0,16.0,256.0,60.0,28,13.0,40.5023
0,3,10,13.0,128.0,16.0,0.0,60.0,28,15.6,7.989
19,1,20,11.0,512.0,16.0,0.0,144.0,44,15.6,25.499
3,1,20,12.0,1.0,16.0,0.0,144.0,36,15.6,25.999
6,1,20,11.0,1.0,16.0,0.0,60.0,21,15.6,12.6111
11,1,20,13.0,512.0,8.0,0.0,60.0,27,15.6,15.499
11,5,21,13.0,1.0,32.0,0.0,144.0,54,16.1,48.2949
11,1,21,13.0,1.0,32.0,0.0,144.0,45,16.1,33.999
0,1,20,12.0,512.0,8.0,0.0,144.0,53,15.6,27.999
2,1,20,12.0,512.0,16.0,0.0,60.0,21,15.6,15.3931
16,1,6,5.0,256.0,8.0,0.0,60.0,3,15.6,9.7179
16,5,7,5.0,256.0,8.0,0.0,60.0,14,14.0,12.9988
19,1,21,11.0,512.0,8.0,0.0,144.0,46,15.6,30.734
4,2,20,13.0,512.0,16.0,0.0,120.0,45,15.6,28.409
11,1,7,5.0,512.0,32.0,0.0,60.0,3,15.6,12.3999
2,5,20,12.0,512.0,8.0,0.0,60.0,24,15.6,16.999
2,1,22,13.0,1.0,32.0,0.0,120.0,53,16.0,49.199
16,1,20,11.0,512.0,16.0,0.0,120.0,45,15.6,24.9311
2,1,21,13.0,1.0,16.0,0.0,60.0,14,15.6,25.499
2,1,20,11.0,1.0,24.0,0.0,60.0,40,14.0,18.899
16,1,20,12.0,1.0,16.0,0.0,60.0,24,15.6,15.6999
10,5,19,10.0,256.0,8.0,256.0,60.0,25,15.6,14.5
13,5,20,13.0,512.0,16.0,0.0,60.0,13,16.0,24.999
16,1,20,12.0,512.0,8.0,0.0,120.0,58,15.6,26.999
11,1,20,13.0,512.0,16.0,0.0,144.0,53,16.1,34.3551
19,5,22,13.0,1.0,32.0,0.0,144.0,55,17.3,73.779
16,1,20,12.0,512.0,16.0,512.0,120.0,46,15.6,24.799
2,5,17,1.0,128.0,4.0,0.0,60.0,14,15.6,7.199
16,1,21,11.0,512.0,16.0,0.0,60.0,21,15.6,19.999
2,1,8,7.0,512.0,8.0,0.0,144.0,53,15.6,30.999
4,4,19,11.0,250.0,12.0,1.0,60.0,24,14.0,9.999
11,1,25,13.0,256.0,16.0,0.0,60.0,14,15.6,12.25
2,1,6,3.0,256.0,4.0,0.0,60.0,65,15.6,10.999
16,1,21,11.0,512.0,16.0,0.0,165.0,58,15.6,36.999
0,3,10,13.0,256.0,16.0,256.0,60.0,28,13.0,12.2751
2,1,21,12.0,512.0,16.0,0.0,144.0,45,15.6,32.999
0,1,20,11.0,256.0,8.0,256.0,60.0,42,15.6,14.999
11,1,18,13.0,256.0,8.0,0.0,60.0,14,15.6,13.3935
0,1,20,13.0,512.0,16.0,0.0,60.0,14,15.6,15.699
11,5,21,10.0,512.0,8.0,512.0,60.0,19,13.3,27.499
18,1,21,13.0,1.0,32.0,0.0,165.0,55,16.0,59.999
11,1,20,13.0,512.0,16.0,0.0,144.0,54,16.1,35.199
2,1,21,12.0,1.0,16.0,0.0,144.0,58,15.6,40.549
11,1,8,7.0,1.0,32.0,0.0,240.0,55,16.1,53.899
2,7,32,10.0,256.0,16.0,0.0,60.0,70,15.6,36.1
16,5,17,13.0,128.0,4.0,0.0,60.0,13,14.0,7.499
3,1,22,13.0,2.0,64.0,0.0,165.0,55,16.0,69.999
16,1,19,11.0,512.0,12.0,0.0,120.0,24,15.6,10.8999
11,1,20,11.0,256.0,8.0,0.0,60.0,27,15.6,10.999
1,7,32,10.0,256.0,16.0,0.0,60.0,70,15.6,50.79
16,1,21,12.0,512.0,8.0,0.0,60.0,14,15.6,17.999
16,5,8,5.0,512.0,8.0,0.0,60.0,14,14.0,26.999
11,1,8,7.0,1.0,32.0,0.0,144.0,53,16.1,35.499
6,1,20,11.0,500.0,16.0,0.0,60.0,21,15.6,11.949
2,5,21,13.0,512.0,16.0,500.0,165.0,54,16.0,56.999
16,5,22,11.0,1.0,32.0,0.0,60.0,64,17.3,178.909
2,5,17,13.0,512.0,16.0,0.0,60.0,25,14.0,10.1961
2,1,21,12.0,512.0,16.0,0.0,144.0,45,15.6,33.959
11,1,7,5.0,512.0,16.0,0.0,60.0,3,15.6,13.3649
0,1,20,12.0,2.0,16.0,0.0,144.0,46,15.6,30.0
16,5,20,12.0,512.0,16.0,512.0,60.0,21,14.0,37.999
2,5,20,12.0,0.0,16.0,512.0,60.0,21,14.0,46.2
4,1,20,13.0,256.0,8.0,0.0,60.0,14,15.6,12.199
11,1,8,7.0,512.0,16.0,0.0,144.0,54,16.1,36.999
15,5,21,7.0,256.0,8.0,0.0,60.0,14,15.6,15.6481
2,1,17,10.0,128.0,4.0,0.0,60.0,25,15.6,9.0
0,5,19,3.0,128.0,4.0,0.0,60.0,24,15.6,7.999
1,3,13,2.0,512.0,8.0,512.0,120.0,30,15.0,59.49
1,3,27,13.0,256.0,16.0,0.0,60.0,31,13.6,51.999
11,1,21,12.0,1.0,16.0,0.0,60.0,21,13.3,31.149
16,1,8,7.0,500.0,16.0,0.0,120.0,53,15.6,31.999
0,1,8,7.0,512.0,8.0,0.0,60.0,14,15.6,12.499
2,5,20,10.0,512.0,8.0,512.0,60.0,21,13.3,30.199
3,5,7,5.0,500.0,8.0,500.0,60.0,3,15.6,13.499
2,1,3,10.0,256.0,4.0,0.0,60.0,6,15.6,8.222
6,1,20,11.0,256.0,8.0,0.0,60.0,21,15.6,9.7011
0,1,20,12.0,512.0,8.0,0.0,144.0,45,15.6,23.65
16,5,20,11.0,256.0,8.0,0.0,60.0,40,14.0,13.8818
18,1,21,13.0,1.0,32.0,0.0,240.0,54,17.0,77.099
16,5,7,11.0,512.0,8.0,512.0,165.0,3,15.6,13.929
11,5,8,7.0,512.0,16.0,0.0,60.0,14,15.6,22.199
16,1,20,11.0,1.0,16.0,0.0,120.0,36,15.6,24.4593
11,1,21,13.0,1.0,32.0,0.0,165.0,55,17.3,60.999
4,2,20,13.0,512.0,16.0,0.0,120.0,53,15.6,31.249
18,1,20,12.0,500.0,16.0,0.0,144.0,53,15.6,30.899
11,1,8,7.0,512.0,16.0,0.0,90.0,3,15.6,18.449
19,5,21,12.0,1.0,16.0,0.0,144.0,54,17.3,63.999
4,1,20,12.0,256.0,8.0,0.0,120.0,24,15.6,13.299
4,1,22,13.0,1.0,32.0,0.0,165.0,54,16.0,56.999
18,1,20,13.0,500.0,16.0,0.0,144.0,53,17.3,34.6573
0,5,20,11.0,1.0,24.0,1.0,144.0,45,15.6,28.0
18,1,22,13.0,2.0,64.0,0.0,240.0,55,17.0,97.899
6,1,20,11.0,500.0,32.0,0.0,60.0,21,15.6,13.0171
4,5,21,12.0,1.0,32.0,0.0,60.0,21,15.6,26.7
16,5,20,13.0,512.0,8.0,0.0,60.0,21,15.6,18.499
19,5,22,13.0,2.0,64.0,0.0,165.0,55,17.0,142.659
19,1,21,12.0,512.0,16.0,0.0,144.0,58,17.3,41.999
2,1,20,5.0,256.0,8.0,256.0,60.0,24,16.0,13.249
0,1,6,3.0,256.0,4.0,0.0,60.0,3,15.6,8.2999
2,5,22,13.0,1.0,32.0,0.0,120.0,54,14.5,124.8281
18,1,21,12.0,1.0,32.0,0.0,120.0,21,15.6,26.499
16,5,21,10.0,512.0,16.0,0.0,90.0,53,15.6,44.999
18,5,21,11.0,1.0,32.0,0.0,144.0,46,15.6,35.499
2,5,20,11.0,256.0,8.0,0.0,60.0,14,15.6,18.799
4,1,19,11.0,512.0,8.0,0.0,60.0,16,14.0,9.6785
11,5,20,12.0,1.0,8.0,0.0,60.0,21,15.6,20.0
2,5,17,13.0,512.0,8.0,0.0,60.0,25,14.0,9.5521
1,7,32,10.0,256.0,16.0,0.0,60.0,70,15.6,53.999
1,3,27,13.0,512.0,16.0,0.0,60.0,30,13.6,59.999
2,1,20,12.0,1.0,16.0,0.0,60.0,27,15.6,16.5999
1,3,27,13.0,1.0,32.0,0.0,60.0,14,14.0,103.999
2,1,20,11.0,256.0,8.0,256.0,90.0,40,15.6,15.79
16,1,8,5.0,512.0,8.0,0.0,60.0,3,15.6,13.499
11,1,7,5.0,256.0,8.0,0.0,60.0,3,15.6,9.9481
11,1,20,11.0,1.0,32.0,0.0,60.0,14,15.6,14.099
2,1,19,1.0,256.0,4.0,0.0,60.0,24,15.6,9.499
19,1,22,13.0,1.0,32.0,0.0,240.0,57,17.0,123.479
17,5,20,12.0,256.0,8.0,0.0,120.0,21,13.0,45.385
2,5,8,4.0,1.0,16.0,0.0,144.0,46,15.6,53.3353
11,1,6,5.0,256.0,8.0,0.0,60.0,8,15.6,10.179
8,1,20,12.0,512.0,16.0,0.0,360.0,54,17.3,44.699
3,5,21,12.0,1.0,32.0,0.0,144.0,53,15.6,39.999
1,3,27,13.0,512.0,16.0,0.0,60.0,14,14.0,73.49
18,5,21,13.0,1.0,64.0,0.0,165.0,55,16.0,70.999
19,5,22,13.0,4.0,64.0,0.0,240.0,55,17.3,95.499
2,1,8,3.0,512.0,16.0,0.0,60.0,3,15.6,14.2551
4,2,20,12.0,512.0,16.0,0.0,120.0,21,15.6,16.9175
11,1,7,5.0,256.0,16.0,0.0,60.0,3,15.6,11.299
18,5,21,13.0,1.0,32.0,0.0,240.0,54,17.0,72.999
1,3,22,13.0,1.0,16.0,0.0,60.0,14,16.0,64.999
3,1,20,12.0,2.0,32.0,0.0,144.0,54,15.6,37.499
2,5,21,11.0,1.0,16.0,0.0,60.0,21,13.0,47.999
0,5,20,11.0,1.0,32.0,500.0,144.0,45,15.6,29.0
3,1,21,12.0,500.0,16.0,0.0,144.0,54,15.6,35.599
3,1,22,13.0,1.0,32.0,0.0,165.0,55,16.0,63.499
19,5,21,12.0,512.0,16.0,0.0,144.0,45,15.6,34.6346
16,1,20,11.0,256.0,8.0,0.0,120.0,46,15.6,24.399
16,5,20,12.0,512.0,8.0,0.0,60.0,21,15.6,14.499
1,3,10,13.0,256.0,16.0,256.0,60.0,28,13.0,37.14
3,1,20,12.0,500.0,16.0,0.0,60.0,14,15.6,16.499
2,1,22,13.0,1.0,16.0,0.0,240.0,55,18.0,73.399
18,7,32,10.0,256.0,16.0,0.0,60.0,70,15.6,20.499
4,7,32,10.0,256.0,16.0,0.0,60.0,70,15.6,22.249
14,5,21,7.0,512.0,8.0,0.0,60.0,16,15.6,16.4754
2,1,7,7.0,256.0,8.0,0.0,60.0,3,15.6,11.199
1,3,13,2.0,512.0,8.0,512.0,120.0,30,15.0,59.494
16,1,21,11.0,512.0,16.0,0.0,60.0,21,15.6,19.9817
4,1,20,11.0,512.0,8.0,0.0,60.0,40,14.0,13.091
11,7,32,10.0,512.0,16.0,0.0,60.0,70,15.6,24.999
4,1,20,11.0,512.0,16.0,0.0,60.0,21,15.6,13.737
19,5,21,12.0,1.0,64.0,0.0,240.0,59,15.6,52.7
11,1,18,13.0,256.0,8.0,0.0,60.0,14,15.6,11.949
2,7,32,10.0,256.0,16.0,0.0,60.0,70,15.6,37.0503
16,5,20,12.0,1.0,8.0,0.0,60.0,21,16.0,28.8508
11,5,21,13.0,1.0,16.0,0.0,60.0,45,15.6,46.899
2,5,7,4.0,512.0,8.0,500.0,144.0,46,15.6,29.5
16,1,21,12.0,512.0,16.0,0.0,60.0,43,15.6,25.299
2,1,19,12.0,256.0,12.0,0.0,60.0,24,15.6,10.9999
16,5,20,12.0,512.0,16.0,0.0,60.0,21,15.6,16.499
2,5,20,12.0,256.0,8.0,0.0,60.0,16,15.6,14.599
4,5,20,11.0,512.0,16.0,0.0,60.0,41,15.6,17.7234
16,1,20,11.0,512.0,24.0,1.0,60.0,41,15.6,18.1448
1,3,27,13.0,1.0,16.0,0.0,60.0,13,16.0,97.99
16,1,21,13.0,1.0,16.0,0.0,144.0,54,15.6,48.985
16,1,6,5.0,256.0,12.0,0.0,60.0,3,15.6,10.0763
2,1,22,13.0,1.0,32.0,0.0,120.0,54,16.0,74.329
16,5,21,12.0,512.0,16.0,512.0,60.0,21,12.4,34.899
18,5,21,12.0,1.0,64.0,0.0,144.0,54,17.3,52.699
0,1,29,5.0,64.0,36.0,500.0,360.0,27,18.0,34.899
4,1,20,11.0,1.0,16.0,0.0,60.0,40,14.0,14.3831
16,1,8,12.0,512.0,16.0,0.0,60.0,3,15.6,13.499
2,5,29,5.0,32.0,36.0,500.0,90.0,42,18.0,10.8505
2,1,19,12.0,256.0,12.0,0.0,60.0,14,15.6,11.069
16,1,19,11.0,256.0,4.0,0.0,60.0,24,15.6,9.999
11,1,0,1.0,128.0,1.0,250.0,60.0,14,14.0,12.8409
19,1,22,13.0,2.0,32.0,0.0,240.0,56,17.0,98.399
16,5,29,5.0,32.0,36.0,500.0,90.0,42,18.0,13.313
2,1,9,7.0,512.0,16.0,0.0,144.0,55,15.6,53.8189
2,7,32,10.0,512.0,16.0,0.0,60.0,70,15.6,38.399
16,5,21,11.0,512.0,16.0,0.0,60.0,21,15.6,21.148
0,5,21,12.0,512.0,8.0,0.0,60.0,21,14.0,28.799
2,5,21,11.0,512.0,16.0,0.0,60.0,66,14.0,22.999
3,1,19,11.0,500.0,8.0,0.0,60.0,24,15.6,13.699
2,1,7,5.0,512.0,8.0,0.0,60.0,3,15.6,12.899
11,5,20,12.0,512.0,16.0,0.0,144.0,45,15.6,29.999
4,1,20,11.0,512.0,16.0,1.0,60.0,40,14.0,14.6357
16,1,8,5.0,512.0,24.0,0.0,60.0,3,15.6,14.099
0,1,6,7.0,512.0,8.0,0.0,60.0,3,15.6,10.499
11,1,20,11.0,256.0,8.0,0.0,60.0,27,15.6,11.549
0,7,32,10.0,256.0,16.0,0.0,60.0,70,15.6,11.499
4,4,20,11.0,512.0,16.0,0.0,60.0,21,15.6,14.5
16,1,20,12.0,512.0,16.0,0.0,60.0,27,15.6,15.1419
3,7,32,10.0,256.0,16.0,0.0,60.0,70,15.6,24.599
0,1,7,7.0,512.0,8.0,0.0,60.0,3,15.6,10.75
2,1,20,10.0,256.0,4.0,0.0,60.0,39,15.6,18.48
4,1,20,11.0,256.0,12.0,0.0,60.0,40,14.0,12.9841
4,1,20,11.0,512.0,12.0,0.0,60.0,40,14.0,13.4504
16,1,20,12.0,256.0,12.0,0.0,60.0,14,15.6,13.9999
16,1,20,5.0,256.0,8.0,500.0,60.0,13,15.6,14.9999
11,1,20,11.0,256.0,16.0,0.0,60.0,14,15.6,12.499
4,1,8,5.0,512.0,16.0,1.0,120.0,3,15.6,16.824
16,1,19,11.0,256.0,8.0,0.0,60.0,24,14.0,10.99
11,1,20,12.0,512.0,16.0,0.0,60.0,43,15.6,19.9999
0,5,19,12.0,256.0,4.0,0.0,60.0,24,15.6,9.2551
0,1,21,12.0,512.0,16.0,0.0,165.0,54,15.6,36.999
0,1,20,12.0,512.0,8.0,0.0,60.0,21,15.6,16.999
11,5,29,5.0,32.0,36.0,500.0,90.0,42,18.0,31.9853
2,1,21,13.0,1.0,16.0,0.0,165.0,56,16.0,72.099
3,1,21,12.0,1.0,16.0,0.0,60.0,21,15.6,19.499
16,5,17,1.0,1.0,4.0,0.0,60.0,25,15.6,9.3678
16,5,21,12.0,1.0,16.0,1.0,165.0,47,15.6,38.999
0,5,19,12.0,256.0,4.0,0.0,60.0,24,15.6,9.149
11,5,20,13.0,1.0,16.0,0.0,144.0,54,16.1,36.499
19,5,21,12.0,1.0,16.0,0.0,60.0,27,14.0,39.8435
16,5,19,13.0,256.0,4.0,0.0,60.0,13,15.6,9.65
0,5,20,12.0,512.0,8.0,0.0,144.0,46,15.6,25.753
2,1,17,13.0,1.0,8.0,0.0,60.0,24,15.6,8.899
16,1,4,7.0,512.0,8.0,0.0,60.0,3,15.6,9.799
18,1,21,12.0,500.0,16.0,0.0,144.0,54,15.6,38.699
13,1,16,1.0,120.0,1.0,0.0,60.0,6,10.0,43.499
2,1,20,12.0,512.0,8.0,0.0,60.0,27,15.6,14.5999
2,1,20,11.0,1.0,16.0,0.0,60.0,40,14.0,17.999
16,1,19,13.0,256.0,8.0,0.0,60.0,24,15.0,11.199
11,1,21,13.0,512.0,8.0,0.0,60.0,21,15.6,20.999
6,1,20,11.0,256.0,16.0,0.0,60.0,21,15.6,11.5321
4,5,0,13.0,256.0,8.0,256.0,60.0,14,15.6,14.2958
4,5,20,11.0,256.0,16.0,0.0,60.0,21,15.6,14.449
19,1,22,13.0,1.0,32.0,0.0,240.0,56,16.0,96.254
1,3,13,2.0,256.0,8.0,256.0,120.0,30,15.0,47.94
1,3,10,13.0,256.0,8.0,0.0,60.0,14,13.3,42.0
16,5,20,11.0,256.0,8.0,0.0,60.0,21,15.6,15.349
16,1,0,1.0,128.0,1.0,250.0,60.0,14,14.0,53.63
2,1,9,7.0,512.0,16.0,0.0,144.0,55,15.6,51.7415
16,1,20,12.0,256.0,16.0,0.0,60.0,27,15.6,14.3618
18,1,21,12.0,1.0,16.0,0.0,144.0,54,17.3,40.999
2,1,7,4.0,256.0,8.0,256.0,60.0,0,15.6,16.999
0,5,17,5.0,128.0,8.0,0.0,60.0,24,15.6,8.799
16,1,20,11.0,512.0,8.0,500.0,120.0,36,15.6,24.999
0,5,20,11.0,256.0,8.0,0.0,60.0,21,15.6,12.75
11,1,8,7.0,1.0,16.0,0.0,144.0,53,16.1,34.999
3,1,20,12.0,500.0,16.0,0.0,144.0,44,15.6,25.499
13,5,20,10.0,512.0,8.0,512.0,60.0,26,14.0,19.999
0,5,21,11.0,512.0,16.0,0.0,60.0,66,15.6,22.999
3,1,20,12.0,500.0,8.0,0.0,60.0,14,15.6,15.499
1,7,32,10.0,256.0,16.0,0.0,60.0,70,15.6,85.899
16,1,20,11.0,240.0,4.0,0.0,60.0,14,15.6,20.682
2,5,20,11.0,512.0,8.0,512.0,60.0,24,14.0,19.99
16,1,20,12.0,512.0,8.0,0.0,60.0,21,14.0,17.999
2,1,7,4.0,512.0,8.0,0.0,60.0,3,14.0,12.899
2,5,20,11.0,512.0,16.0,0.0,60.0,21,14.0,19.999
2,1,21,13.0,1.0,32.0,0.0,165.0,54,16.0,55.6207
2,1,21,13.0,1.0,32.0,0.0,165.0,53,16.0,51.0977
16,5,23,5.0,4.0,8.0,2.0,90.0,14,15.6,21.999
0,1,22,13.0,1.0,24.0,0.0,165.0,55,16.0,58.999
2,5,21,13.0,1.0,16.0,0.0,60.0,21,13.0,44.999
11,1,20,12.0,1.0,16.0,0.0,144.0,46,16.1,29.4999
16,1,23,13.0,256.0,8.0,0.0,60.0,25,15.6,10.995
16,5,21,13.0,512.0,16.0,0.0,60.0,21,14.0,47.999
3,5,20,12.0,500.0,8.0,0.0,144.0,45,15.6,26.799
2,5,17,13.0,128.0,8.0,0.0,60.0,24,14.0,8.999
20,0,2,13.0,32.0,3.0,32.0,240.0,67,10.0,3.999
4,1,20,11.0,256.0,8.0,0.0,60.0,24,15.6,12.599
16,1,21,12.0,1.0,24.0,0.0,60.0,27,15.6,22.849
1,3,27,13.0,512.0,8.0,512.0,144.0,31,13.3,49.98
6,1,20,11.0,256.0,16.0,0.0,60.0,21,15.6,11.2851
10,5,7,13.0,512.0,16.0,512.0,60.0,3,16.1,24.999
19,5,21,12.0,0.0,16.0,512.0,60.0,15,14.0,32.55
2,1,21,13.0,1.0,16.0,0.0,60.0,14,15.6,24.719
6,7,32,10.0,256.0,16.0,0.0,60.0,70,15.6,10.2951
2,5,20,11.0,512.0,16.0,0.0,60.0,21,15.6,17.499
2,5,20,12.0,256.0,16.0,0.0,60.0,27,15.6,13.999
4,1,8,10.0,512.0,8.0,500.0,60.0,14,15.6,12.999
11,1,6,5.0,512.0,8.0,0.0,60.0,3,15.6,12.4
2,5,17,4.0,128.0,8.0,0.0,60.0,24,14.0,8.749
2,1,20,12.0,512.0,24.0,0.0,60.0,21,15.6,16.0371
11,5,20,12.0,512.0,32.0,0.0,60.0,21,15.6,20.6
11,1,18,13.0,256.0,8.0,0.0,60.0,14,15.6,27.773
11,5,20,12.0,512.0,16.0,0.0,60.0,13,15.6,21.399
2,1,9,7.0,512.0,16.0,0.0,144.0,55,15.6,54.999
2,1,21,12.0,1.0,32.0,0.0,144.0,45,15.6,36.6606
18,7,32,10.0,500.0,16.0,0.0,60.0,70,15.6,30.699
16,1,20,12.0,512.0,16.0,0.0,60.0,21,15.6,14.6109
0,1,20,11.0,1.0,16.0,0.0,144.0,45,15.6,26.199
11,5,20,13.0,256.0,8.0,0.0,60.0,24,14.0,27.597
16,1,7,5.0,256.0,16.0,0.0,60.0,14,15.6,12.2999
16,5,19,11.0,0.0,4.0,256.0,60.0,24,15.6,9.699
16,1,20,11.0,256.0,16.0,1.0,60.0,41,15.6,16.7503
6,1,20,11.0,1.0,16.0,0.0,60.0,21,15.6,13.0171
2,1,22,13.0,1.0,16.0,0.0,165.0,53,13.4,62.999
16,1,7,7.0,1.0,16.0,0.0,120.0,14,15.6,30.5707
2,5,21,13.0,1.0,32.0,1.0,120.0,55,16.0,79.251
2,5,19,11.0,1.0,12.0,0.0,60.0,24,15.6,12.0
16,1,20,11.0,256.0,12.0,1.0,60.0,40,14.0,13.8459
11,5,6,5.0,512.0,16.0,0.0,60.0,3,15.6,13.6
3,1,20,11.0,500.0,16.0,500.0,60.0,21,15.6,15.39
0,5,17,13.0,128.0,8.0,0.0,60.0,24,15.6,8.999
1,3,27,2.0,256.0,8.0,512.0,144.0,31,13.0,42.99
16,1,8,5.0,512.0,16.0,0.0,60.0,3,15.6,15.799
2,1,8,5.0,512.0,8.0,0.0,60.0,14,16.0,19.929
0,5,19,3.0,256.0,4.0,0.0,60.0,24,15.6,9.499
16,7,32,10.0,256.0,16.0,0.0,60.0,70,15.6,15.599
4,1,20,11.0,256.0,16.0,1.0,60.0,40,14.0,14.1684
4,1,20,11.0,1.0,20.0,0.0,60.0,40,14.0,14.7426
4,1,20,11.0,1.0,32.0,0.0,60.0,40,14.0,15.4965
2,1,8,6.0,1.0,32.0,0.0,144.0,45,15.6,36.579
3,1,20,12.0,500.0,16.0,0.0,144.0,53,15.6,30.599
18,1,20,12.0,1.0,32.0,0.0,144.0,53,15.6,34.899
2,5,6,3.0,512.0,8.0,0.0,60.0,3,15.6,9.9981
16,1,20,12.0,1.0,16.0,0.0,60.0,46,15.6,26.3999
11,1,21,13.0,512.0,16.0,0.0,144.0,53,16.1,34.999
2,1,19,11.0,256.0,12.0,0.0,60.0,24,15.6,10.3941
4,1,8,5.0,1.0,32.0,0.0,120.0,3,15.6,17.8213
16,1,7,6.0,512.0,16.0,0.0,60.0,58,16.0,29.999
16,5,21,13.0,1.0,32.0,0.0,60.0,58,16.0,59.999
2,5,21,12.0,1.0,16.0,0.0,120.0,58,15.6,44.95
2,1,19,12.0,512.0,16.0,0.0,60.0,24,15.6,12.3021
0,5,6,7.0,1.0,8.0,0.0,60.0,3,15.6,15.149
2,1,8,7.0,1.0,16.0,0.0,144.0,53,15.6,35.1
16,1,20,12.0,512.0,12.0,0.0,60.0,14,15.6,15.2999
4,2,21,12.0,2.0,32.0,0.0,60.0,21,15.6,24.4352
2,1,20,13.0,1.0,16.0,0.0,120.0,53,16.0,34.999
16,5,20,12.0,512.0,40.0,0.0,60.0,14,14.0,29.3379
19,5,21,12.0,1.0,16.0,0.0,144.0,55,15.6,53.87
2,5,20,11.0,512.0,16.0,0.0,144.0,45,15.6,28.999
2,5,21,13.0,1.0,16.0,0.0,60.0,27,13.3,57.179
2,1,19,12.0,256.0,8.0,0.0,60.0,24,15.6,10.7999
16,1,20,11.0,512.0,8.0,0.0,60.0,41,15.6,18.5999
4,1,21,13.0,512.0,32.0,0.0,165.0,54,15.6,45.425
2,5,20,10.0,512.0,8.0,512.0,90.0,44,16.0,24.999
2,5,19,11.0,128.0,8.0,0.0,60.0,24,15.6,10.2937
2,6,19,11.0,256.0,4.0,256.0,60.0,25,15.6,10.599
2,5,22,12.0,1.0,32.0,0.0,60.0,49,15.6,94.105
16,5,17,1.0,128.0,4.0,0.0,60.0,24,15.6,7.199
0,1,20,11.0,256.0,8.0,0.0,60.0,14,15.6,14.0965
11,1,7,5.0,1.0,32.0,0.0,60.0,14,15.6,15.2999
16,1,20,11.0,512.0,32.0,0.0,60.0,40,14.0,14.8864
3,1,21,12.0,500.0,8.0,0.0,144.0,45,15.6,27.599
4,1,20,11.0,256.0,16.0,0.0,60.0,41,15.6,15.7226
11,1,19,11.0,256.0,4.0,0.0,60.0,16,15.6,13.499
0,5,20,11.0,512.0,16.0,0.0,60.0,41,15.6,21.0
2,1,20,12.0,512.0,8.0,0.0,60.0,27,15.6,14.3541
11,1,22,13.0,1.0,32.0,0.0,165.0,57,17.3,93.799
4,1,19,11.0,512.0,4.0,0.0,60.0,24,14.0,9.3941
2,1,20,13.0,1.0,40.0,0.0,60.0,27,15.6,21.8999
4,1,19,11.0,128.0,8.0,0.0,60.0,24,14.0,8.8909
11,5,20,11.0,2.0,64.0,0.0,60.0,14,14.0,36.7066
0,2,19,12.0,128.0,4.0,0.0,60.0,21,15.6,8.499
3,1,21,12.0,2.0,64.0,0.0,144.0,45,15.6,34.299
1,3,22,13.0,1.0,16.0,0.0,60.0,14,16.0,99.999
1,3,11,13.0,1.0,32.0,0.0,120.0,14,16.0,99.9
16,5,7,11.0,512.0,8.0,0.0,120.0,45,16.0,28.649
11,1,8,7.0,1.0,32.0,0.0,144.0,52,16.1,36.799
2,5,6,3.0,256.0,4.0,0.0,60.0,3,15.6,9.1071
2,1,20,12.0,1.0,24.0,0.0,60.0,24,15.6,16.899
16,1,8,5.0,256.0,16.0,0.0,60.0,3,15.6,12.6999
2,1,21,13.0,1.0,32.0,0.0,165.0,54,16.0,54.823
16,1,7,7.0,256.0,8.0,0.0,60.0,3,15.6,11.499
11,1,21,13.0,1.0,32.0,0.0,144.0,54,16.1,45.3544
23,5,21,7.0,512.0,8.0,0.0,60.0,65,14.0,47.9999
3,1,21,12.0,1.0,16.0,0.0,144.0,54,15.6,36.199
16,5,20,11.0,512.0,16.0,0.0,60.0,21,15.6,15.617
16,1,21,12.0,512.0,16.0,0.0,60.0,21,15.6,19.74
4,1,19,11.0,256.0,16.0,0.0,60.0,24,14.0,9.5194
16,1,21,12.0,512.0,16.0,0.0,60.0,14,15.6,26.729
11,1,7,5.0,256.0,8.0,0.0,60.0,36,15.6,24.7491
2,5,20,11.0,0.0,8.0,256.0,90.0,24,15.6,13.999
1,3,27,2.0,512.0,8.0,512.0,120.0,31,13.3,49.0
4,5,0,13.0,256.0,8.0,256.0,60.0,14,14.0,13.4864
0,1,7,5.0,512.0,8.0,0.0,60.0,3,15.6,12.249
2,1,7,5.0,512.0,8.0,0.0,60.0,3,15.6,13.999
16,1,20,11.0,256.0,8.0,0.0,60.0,21,15.6,13.499
16,1,19,12.0,512.0,8.0,512.0,60.0,24,14.0,11.899
6,1,20,11.0,256.0,64.0,0.0,60.0,21,15.6,14.5021
4,5,22,13.0,2.0,64.0,0.0,165.0,56,18.0,138.331
16,1,8,12.0,512.0,8.0,0.0,60.0,3,15.6,12.499
18,5,22,13.0,1.0,32.0,0.0,240.0,57,17.0,125.999
2,1,20,12.0,1.0,8.0,0.0,60.0,21,15.6,16.0861
16,5,20,11.0,256.0,24.0,1.0,60.0,40,14.0,16.0357
16,5,20,11.0,256.0,24.0,0.0,60.0,40,14.0,15.1739
16,1,20,11.0,2.0,16.0,1.0,60.0,40,14.0,16.7886
16,1,20,11.0,2.0,24.0,1.0,60.0,40,14.0,17.3997
2,5,21,13.0,1.0,32.0,1.0,120.0,54,16.0,69.205
2,1,20,12.0,1.0,24.0,0.0,60.0,21,15.6,17.4721
16,5,20,11.0,2.0,20.0,0.0,60.0,40,14.0,17.901
16,1,7,7.0,1.0,8.0,0.0,60.0,14,15.6,11.499
11,1,21,13.0,1.0,32.0,0.0,144.0,53,16.1,40.999
16,1,8,7.0,512.0,16.0,0.0,60.0,3,15.6,21.299
2,1,7,5.0,1.0,16.0,0.0,144.0,45,15.6,26.499
3,5,20,13.0,1.0,32.0,0.0,144.0,54,15.6,39.299
16,7,32,10.0,256.0,16.0,0.0,60.0,70,15.6,9.998
4,1,20,12.0,512.0,8.0,0.0,60.0,21,15.6,14.5998
4,5,20,11.0,1.0,16.0,0.0,60.0,40,14.0,15.9997
4,5,20,11.0,2.0,16.0,1.0,60.0,40,14.0,18.2245
4,5,20,11.0,256.0,32.0,0.0,60.0,40,14.0,16.0357
4,5,20,11.0,2.0,16.0,0.0,60.0,40,14.0,17.183
4,5,20,11.0,1.0,32.0,0.0,60.0,40,14.0,16.7527
4,5,20,11.0,2.0,8.0,0.0,60.0,40,14.0,16.8605
4,5,20,11.0,256.0,12.0,1.0,60.0,40,14.0,15.2818
4,5,20,11.0,256.0,12.0,1.0,60.0,40,14.0,15.4605
4,5,20,11.0,256.0,16.0,1.0,60.0,40,14.0,15.6043
4,5,20,11.0,2.0,20.0,0.0,60.0,40,14.0,17.7222
4,5,20,11.0,1.0,16.0,1.0,60.0,40,14.0,16.8605
4,1,20,11.0,2.0,24.0,0.0,60.0,40,14.0,16.537
4,5,20,11.0,1.0,24.0,0.0,60.0,40,14.0,16.2504
4,1,20,11.0,2.0,20.0,0.0,60.0,40,14.0,16.2863
4,1,20,11.0,2.0,32.0,0.0,60.0,40,14.0,17.0402
4,1,20,11.0,2.0,32.0,1.0,60.0,40,14.0,17.901
4,5,20,11.0,2.0,24.0,0.0,60.0,40,14.0,17.7931
4,5,20,11.0,1.0,24.0,0.0,60.0,40,14.0,16.6099
4,5,20,11.0,2.0,20.0,1.0,60.0,40,14.0,18.7637
4,5,20,11.0,1.0,16.0,1.0,60.0,40,14.0,16.501
4,5,20,11.0,512.0,32.0,1.0,60.0,40,14.0,17.0043
4,5,20,11.0,2.0,16.0,1.0,60.0,40,14.0,18.0458
4,5,20,11.0,2.0,16.0,0.0,60.0,40,14.0,17.5425
4,5,20,11.0,1.0,24.0,1.0,60.0,40,14.0,17.1111
4,5,20,11.0,512.0,16.0,1.0,60.0,40,14.0,16.0706
4,5,20,11.0,512.0,16.0,1.0,60.0,40,14.0,16.2504
4,5,20,11.0,1.0,32.0,1.0,60.0,40,14.0,17.9739
4,5,20,11.0,1.0,12.0,1.0,60.0,40,14.0,16.537
4,5,20,11.0,1.0,32.0,0.0,60.0,40,14.0,16.9324
4,5,20,11.0,1.0,32.0,1.0,60.0,40,14.0,17.6144
4,5,20,11.0,1.0,32.0,1.0,60.0,40,14.0,17.7931
4,1,20,11.0,2.0,12.0,1.0,60.0,40,14.0,16.4651
4,5,20,11.0,2.0,20.0,0.0,60.0,40,14.0,17.5425
4,5,20,11.0,1.0,12.0,1.0,60.0,40,14.0,16.1785
4,5,20,11.0,2.0,12.0,0.0,60.0,40,14.0,17.0402
4,5,20,11.0,1.0,24.0,0.0,60.0,40,14.0,16.4291
4,5,20,11.0,2.0,24.0,0.0,60.0,40,14.0,18.1526
4,5,20,11.0,1.0,24.0,1.0,60.0,40,14.0,17.2919
4,5,20,11.0,2.0,24.0,1.0,60.0,40,14.0,19.0144
1,3,28,3.0,512.0,36.0,0.0,120.0,34,16.0,108.399
0,1,8,5.0,1.0,32.0,0.0,360.0,50,17.3,59.999
11,1,20,13.0,512.0,16.0,0.0,144.0,53,16.1,37.999
0,5,19,3.0,256.0,4.0,0.0,60.0,24,15.6,9.999
16,1,20,11.0,256.0,24.0,0.0,60.0,40,14.0,13.9178
0,5,19,3.0,128.0,4.0,0.0,60.0,24,15.6,9.499
2,5,17,13.0,256.0,8.0,0.0,60.0,24,14.0,9.699
16,5,20,12.0,512.0,16.0,0.0,60.0,24,15.6,16.97
3,5,20,12.0,500.0,8.0,0.0,60.0,21,15.6,16.699
2,5,21,12.0,1.0,40.0,0.0,60.0,24,15.6,26.788
16,1,20,11.0,512.0,8.0,0.0,60.0,41,15.6,15.499
16,5,20,11.0,256.0,8.0,0.0,60.0,21,15.6,14.249
11,5,8,10.0,256.0,8.0,0.0,90.0,3,14.0,13.599
16,5,0,10.0,0.0,4.0,0.0,60.0,0,10.0,9.499
0,5,20,11.0,1.0,32.0,0.0,144.0,45,15.6,28.0
4,5,20,11.0,256.0,8.0,0.0,60.0,40,14.0,14.2403
4,1,20,11.0,1.0,24.0,0.0,60.0,40,14.0,14.9942
4,1,20,11.0,1.0,12.0,0.0,60.0,40,14.0,14.0606
4,1,20,11.0,512.0,12.0,1.0,60.0,40,14.0,14.3122
4,1,20,11.0,256.0,20.0,1.0,60.0,40,14.0,14.5279
4,1,20,11.0,512.0,20.0,1.0,60.0,40,14.0,14.9942
4,5,20,11.0,256.0,16.0,1.0,60.0,40,14.0,15.4246
4,5,20,11.0,512.0,12.0,0.0,60.0,40,14.0,15.0651
4,5,20,11.0,1.0,8.0,0.0,60.0,40,14.0,14.9583
4,5,20,11.0,256.0,12.0,0.0,60.0,40,14.0,14.419
4,1,20,11.0,1.0,8.0,0.0,60.0,40,14.0,13.7011
4,5,20,11.0,512.0,12.0,0.0,60.0,40,14.0,14.7066
4,1,20,11.0,512.0,8.0,1.0,60.0,40,14.0,13.9537
4,1,20,11.0,512.0,24.0,0.0,60.0,40,14.0,14.3831
4,5,20,11.0,256.0,8.0,0.0,60.0,40,14.0,14.0606
16,1,19,11.0,1.0,4.0,1.0,60.0,24,14.0,9.999
11,1,7,5.0,512.0,8.0,0.0,60.0,14,15.6,10.499
4,5,20,11.0,512.0,8.0,0.0,60.0,40,14.0,14.7066
4,5,20,11.0,256.0,12.0,0.0,60.0,40,14.0,14.5998
4,5,20,11.0,256.0,16.0,0.0,60.0,40,14.0,14.7426
4,1,20,11.0,512.0,20.0,0.0,60.0,40,14.0,14.1325
4,5,20,11.0,512.0,8.0,0.0,60.0,40,14.0,14.5279
4,1,20,11.0,256.0,24.0,1.0,60.0,40,14.0,14.7785
4,5,20,11.0,256.0,12.0,1.0,60.0,40,14.0,15.1011
4,5,20,11.0,256.0,16.0,0.0,60.0,40,14.0,14.5638
4,5,20,11.0,512.0,12.0,0.0,60.0,40,14.0,14.8864
4,5,20,11.0,256.0,16.0,0.0,60.0,40,14.0,14.9223
4,5,20,11.0,512.0,16.0,0.0,60.0,40,14.0,15.3886
4,1,20,11.0,256.0,8.0,1.0,60.0,40,14.0,13.4864
4,1,20,11.0,1.0,16.0,1.0,60.0,40,14.0,15.2458
16,1,20,11.0,1.0,24.0,1.0,60.0,40,14.0,15.855
23,5,21,4.0,256.0,8.0,0.0,60.0,65,15.6,29.576
1,3,12,13.0,512.0,16.0,0.0,60.0,14,16.0,69.96
2,1,20,11.0,256.0,4.0,0.0,60.0,16,15.6,11.749
0,5,19,12.0,512.0,4.0,0.0,60.0,24,15.6,9.549
2,1,20,12.0,512.0,24.0,0.0,60.0,24,15.6,16.359
16,1,6,7.0,512.0,8.0,0.0,60.0,14,15.6,9.9999
11,5,7,7.0,512.0,8.0,0.0,60.0,3,15.6,14.86
23,5,21,10.0,512.0,16.0,0.0,60.0,65,15.6,49.285
2,1,20,12.0,256.0,8.0,0.0,120.0,44,16.0,23.999
16,1,19,11.0,512.0,8.0,512.0,60.0,16,15.6,11.899
0,1,25,13.0,256.0,16.0,1.0,360.0,46,15.6,30.8623
2,5,20,10.0,256.0,8.0,256.0,60.0,17,15.6,16.34
11,1,20,11.0,256.0,16.0,0.0,60.0,21,15.6,12.999
11,1,7,5.0,256.0,12.0,0.0,60.0,3,15.6,10.4999
11,1,7,5.0,256.0,20.0,0.0,60.0,3,15.6,11.099
4,5,20,11.0,512.0,16.0,1.0,60.0,40,14.0,15.8919
4,5,20,11.0,1.0,12.0,0.0,60.0,40,14.0,15.6762
4,5,20,11.0,256.0,16.0,1.0,60.0,40,14.0,15.7831
4,1,20,11.0,512.0,32.0,1.0,60.0,40,14.0,15.7471
18,5,21,11.0,500.0,16.0,0.0,60.0,46,17.3,34.299
16,1,20,12.0,512.0,16.0,0.0,60.0,46,15.6,25.7999
4,5,20,11.0,256.0,8.0,1.0,60.0,40,14.0,15.1011
4,5,20,11.0,1.0,16.0,0.0,60.0,40,14.0,15.6403
3,5,20,12.0,1.0,32.0,1.0,144.0,54,15.6,41.499
1,3,12,13.0,1.0,16.0,0.0,120.0,65,14.0,74.795
16,5,20,10.0,512.0,12.0,0.0,60.0,40,15.6,16.899
16,1,20,12.0,500.0,8.0,512.0,60.0,7,15.6,18.95
11,5,21,11.0,512.0,16.0,0.0,60.0,14,14.0,29.999
11,1,20,13.0,512.0,16.0,0.0,144.0,44,15.6,26.4811
16,5,21,11.0,256.0,32.0,0.0,165.0,46,15.6,39.0
2,1,20,12.0,256.0,16.0,0.0,120.0,44,16.0,24.699
11,5,6,5.0,512.0,8.0,0.0,60.0,3,15.6,12.8
11,1,6,5.0,512.0,16.0,0.0,60.0,3,15.6,13.2
3,1,20,12.0,1.0,16.0,0.0,144.0,54,15.6,33.999
2,1,21,11.0,1.0,16.0,0.0,60.0,21,13.3,49.999
11,1,7,6.0,512.0,8.0,0.0,144.0,46,16.1,24.838
2,1,20,11.0,256.0,16.0,0.0,60.0,14,15.6,13.099
1,7,32,10.0,256.0,16.0,0.0,60.0,70,15.6,42.999
2,1,8,6.0,512.0,16.0,0.0,144.0,46,15.6,33.199
4,5,20,11.0,256.0,8.0,1.0,60.0,40,14.2,15.117
11,1,20,11.0,512.0,16.0,0.0,60.0,14,15.6,13.249
16,1,6,10.0,512.0,8.0,0.0,60.0,65,15.6,10.0668
12,1,25,13.0,1.0,32.0,256.0,120.0,23,15.6,12.9429
18,1,21,12.0,500.0,8.0,0.0,60.0,21,14.1,21.699
16,1,8,7.0,1.0,16.0,0.0,60.0,3,15.6,14.899
16,1,20,11.0,1.0,8.0,0.0,120.0,36,15.6,23.921
2,1,7,5.0,256.0,8.0,0.0,60.0,3,16.0,15.999
11,5,8,5.0,512.0,16.0,0.0,60.0,3,15.6,14.749
0,1,21,12.0,512.0,16.0,0.0,60.0,24,15.6,18.499
16,1,8,7.0,512.0,16.0,0.0,144.0,54,15.6,37.999
4,5,20,11.0,1.0,20.0,1.0,60.0,40,14.0,17.219
11,5,6,5.0,512.0,16.0,0.0,60.0,3,15.6,14.1
11,1,20,12.0,512.0,32.0,0.0,60.0,21,15.6,19.6
11,5,20,12.0,512.0,8.0,0.0,60.0,21,15.6,19.0
11,5,20,12.0,512.0,16.0,0.0,60.0,21,15.6,19.1
11,5,20,12.0,256.0,16.0,0.0,60.0,21,15.6,19.1
11,5,20,12.0,512.0,32.0,0.0,60.0,21,15.6,20.1
11,5,20,12.0,512.0,16.0,0.0,60.0,21,15.6,19.6
2,5,21,12.0,1.0,16.0,0.0,60.0,24,15.6,25.0228
16,1,8,5.0,512.0,16.0,0.0,60.0,3,15.6,13.1999
4,1,21,12.0,512.0,8.0,0.0,120.0,24,15.6,18.6653
16,7,32,10.0,256.0,16.0,0.0,60.0,70,15.6,14.344
16,1,20,12.0,256.0,8.0,0.0,60.0,21,13.3,23.6601
4,2,8,5.0,1.0,32.0,0.0,120.0,14,15.6,16.999
2,5,20,12.0,1.0,16.0,0.0,60.0,21,15.6,17.899
16,1,19,11.0,512.0,20.0,0.0,120.0,24,15.6,11.3999
16,1,8,5.0,512.0,40.0,0.0,60.0,3,15.6,20.0
11,1,19,11.0,256.0,8.0,0.0,60.0,25,15.6,13.499
16,1,21,12.0,1.0,40.0,0.0,60.0,27,15.6,23.999
7,5,16,5.0,128.0,2.0,128.0,60.0,13,11.6,18.04
16,5,20,13.0,512.0,8.0,512.0,60.0,27,15.6,22.999
2,1,8,3.0,1.0,24.0,0.0,60.0,3,15.6,16.199
0,1,8,6.0,512.0,16.0,0.0,144.0,49,15.6,34.499
16,1,7,5.0,256.0,8.0,0.0,60.0,14,15.6,11.149
18,5,21,13.0,1.0,64.0,0.0,144.0,53,17.3,52.699
2,1,20,12.0,512.0,16.0,0.0,60.0,14,15.6,17.056
3,1,25,13.0,1.0,32.0,256.0,120.0,23,15.6,16.6906
4,5,7,5.0,512.0,16.0,0.0,120.0,3,15.6,14.4656
2,7,32,10.0,256.0,16.0,0.0,60.0,70,15.6,9.459
1,7,32,10.0,1.0,16.0,0.0,60.0,70,14.0,89.99
2,5,20,12.0,256.0,8.0,0.0,60.0,16,15.6,17.899
2,5,20,12.0,512.0,8.0,0.0,60.0,24,15.6,15.199
11,1,21,13.0,1.0,32.0,0.0,144.0,53,15.6,37.7181
16,1,8,5.0,512.0,16.0,0.0,60.0,3,15.6,13.499
2,1,19,12.0,1.0,20.0,0.0,60.0,24,15.6,12.8999
16,1,20,12.0,512.0,16.0,0.0,144.0,54,15.6,34.999
11,1,20,11.0,1.0,12.0,0.0,60.0,14,15.6,12.999
4,5,20,11.0,1.0,16.0,0.0,60.0,21,15.6,15.999
2,5,20,13.0,512.0,8.0,0.0,60.0,44,15.6,27.999
16,1,17,11.0,512.0,4.0,128.0,60.0,25,15.6,9.1948
2,5,20,11.0,256.0,8.0,0.0,60.0,21,15.0,14.999
3,5,20,11.0,500.0,8.0,0.0,60.0,21,15.6,15.099
1,3,27,13.0,512.0,8.0,0.0,60.0,13,13.0,43.999
16,5,19,10.0,256.0,8.0,0.0,60.0,24,15.6,10.699
16,1,21,11.0,1.0,16.0,0.0,60.0,42,15.6,31.649
3,1,20,12.0,500.0,32.0,0.0,144.0,36,15.6,24.799
2,5,21,12.0,512.0,8.0,0.0,60.0,24,15.6,22.4717
2,1,21,12.0,512.0,16.0,0.0,165.0,53,16.0,42.999
11,1,20,11.0,1.0,16.0,0.0,60.0,27,15.6,13.9999
16,1,21,13.0,1.0,16.0,0.0,60.0,27,15.6,24.9999
16,5,20,12.0,1.0,8.0,0.0,60.0,21,14.0,29.0642
16,1,7,6.0,1.0,16.0,0.0,60.0,58,16.0,31.205
2,5,20,13.0,512.0,8.0,512.0,60.0,24,14.0,25.0
1,3,15,12.0,512.0,16.0,512.0,120.0,33,16.0,83.49
2,1,21,13.0,1.0,8.0,0.0,60.0,14,15.6,23.609
2,5,17,13.0,256.0,4.0,0.0,60.0,25,14.0,8.1661
16,1,6,5.0,256.0,8.0,0.0,60.0,4,15.6,11.2612
11,1,20,13.0,512.0,8.0,0.0,144.0,45,15.6,25.999
4,5,21,12.0,1.0,32.0,0.0,60.0,21,15.6,24.8445
11,1,7,5.0,256.0,16.0,0.0,60.0,36,15.6,25.6891
2,1,21,12.0,512.0,8.0,0.0,60.0,24,15.6,20.648
18,7,32,10.0,1.0,16.0,0.0,60.0,70,15.6,39.899
0,1,21,13.0,1.0,16.0,0.0,120.0,21,16.0,49.9
16,1,21,12.0,512.0,8.0,0.0,60.0,14,15.6,18.999
16,1,7,5.0,512.0,16.0,0.0,60.0,14,15.6,12.7999
3,1,21,12.0,1.0,32.0,0.0,60.0,21,15.6,24.399
11,1,8,6.0,512.0,16.0,0.0,144.0,46,16.1,28.799
2,1,21,12.0,512.0,24.0,0.0,60.0,24,15.6,21.8014
16,1,5,10.0,256.0,4.0,0.0,60.0,14,15.6,11.666
2,1,20,12.0,1.0,16.0,0.0,60.0,24,15.6,16.199
2,5,8,5.0,1.0,16.0,0.0,120.0,3,15.6,34.999
16,1,1,2.0,500.0,8.0,256.0,60.0,7,14.0,14.1999
2,1,6,3.0,256.0,4.0,0.0,60.0,12,14.0,9.5031
2,5,21,12.0,512.0,16.0,0.0,60.0,24,15.6,23.0601
2,1,19,11.0,512.0,20.0,0.0,60.0,14,15.6,10.999
11,1,7,5.0,256.0,8.0,0.0,144.0,10,15.6,25.47
4,1,20,11.0,512.0,16.0,0.0,120.0,21,15.6,14.4999
2,1,22,12.0,1.0,32.0,0.0,360.0,50,17.0,75.999
2,5,20,11.0,512.0,8.0,0.0,144.0,45,15.6,27.999
11,5,7,7.0,512.0,8.0,0.0,60.0,16,14.0,12.699
1,3,28,3.0,512.0,8.0,0.0,120.0,34,14.0,62.999
0,1,21,12.0,512.0,8.0,0.0,60.0,43,15.6,19.7001
2,5,17,1.0,128.0,4.0,0.0,60.0,65,15.6,8.999
16,1,4,13.0,256.0,8.0,0.0,60.0,3,15.6,11.555
3,1,20,12.0,500.0,32.0,0.0,144.0,53,15.6,31.899
16,1,9,13.0,512.0,32.0,0.0,120.0,45,16.0,42.9999
19,5,21,11.0,512.0,8.0,0.0,144.0,58,15.6,64.999
16,1,20,12.0,512.0,8.0,0.0,90.0,24,15.6,13.989
18,1,21,12.0,1.0,64.0,0.0,144.0,54,17.3,49.139
2,1,21,12.0,512.0,24.0,0.0,120.0,44,16.0,31.909
4,1,22,13.0,2.0,64.0,0.0,165.0,54,15.6,55.1609
11,1,8,5.0,512.0,16.0,0.0,60.0,3,14.0,17.3999
2,1,25,13.0,1.0,32.0,256.0,120.0,23,15.6,10.5299
19,5,21,13.0,1.0,16.0,0.0,144.0,56,16.0,79.899
2,1,20,12.0,1.0,16.0,0.0,60.0,21,15.6,15.899
11,1,21,12.0,512.0,16.0,0.0,60.0,14,14.0,22.2045
11,5,8,5.0,512.0,32.0,0.0,60.0,12,15.6,14.999
2,5,20,12.0,512.0,8.0,0.0,60.0,21,15.6,15.299
16,5,20,11.0,1.0,16.0,0.0,60.0,21,15.6,16.499
18,5,21,12.0,500.0,16.0,0.0,144.0,54,17.3,43.299
4,1,21,12.0,1.0,32.0,0.0,120.0,14,15.6,21.2574
11,1,20,12.0,512.0,16.0,0.0,60.0,21,15.6,18.6
11,5,20,11.0,512.0,8.0,0.0,60.0,21,15.6,13.999
0,5,7,7.0,512.0,8.0,0.0,60.0,3,15.6,17.3731
3,1,20,12.0,500.0,32.0,0.0,60.0,21,15.6,20.499
2,1,21,13.0,1.0,24.0,0.0,60.0,14,15.6,25.999
2,1,17,5.0,512.0,16.0,0.0,60.0,25,15.6,11.6811
16,5,6,13.0,256.0,20.0,0.0,60.0,3,14.0,15.0
16,1,8,5.0,512.0,8.0,0.0,60.0,0,15.6,17.399
2,1,21,12.0,1.0,16.0,0.0,144.0,45,15.6,34.1946
4,5,7,5.0,256.0,16.0,0.0,120.0,3,15.6,13.8904
16,1,20,12.0,512.0,16.0,0.0,90.0,27,15.6,18.999
16,1,20,12.0,256.0,16.0,0.0,60.0,14,15.6,14.3999
16,1,21,12.0,512.0,16.0,0.0,60.0,43,15.6,27.999
11,1,20,11.0,256.0,16.0,0.0,60.0,27,15.6,12.6999
11,5,8,5.0,2.0,32.0,0.0,144.0,46,16.1,31.999
11,1,7,7.0,512.0,16.0,0.0,144.0,53,16.1,33.999
11,1,21,12.0,512.0,32.0,0.0,60.0,21,15.6,23.9999
16,1,20,12.0,256.0,8.0,0.0,60.0,13,15.6,22.225
2,5,20,10.0,512.0,16.0,0.0,60.0,36,15.6,26.6238
4,5,21,13.0,1.0,16.0,0.0,240.0,54,16.0,47.049
2,1,8,3.0,512.0,16.0,1.0,60.0,3,15.6,15.749
4,5,8,5.0,1.0,32.0,0.0,120.0,14,15.6,18.899
16,5,2,8.0,128.0,4.0,0.0,60.0,5,15.6,12.65
4,1,7,3.0,256.0,8.0,0.0,60.0,12,15.6,12.728
2,5,21,12.0,0.0,16.0,1.0,60.0,21,14.0,56.4995
11,1,20,11.0,512.0,16.0,0.0,60.0,21,15.6,13.549
4,1,20,11.0,1.0,16.0,0.0,60.0,21,15.6,14.3481
16,6,21,11.0,1.0,32.0,0.0,60.0,42,15.6,35.0598
2,5,19,11.0,128.0,8.0,0.0,60.0,24,15.6,9.999
16,6,20,11.0,256.0,8.0,0.0,60.0,65,15.6,17.75
3,5,20,12.0,500.0,16.0,0.0,60.0,21,15.6,17.899
16,1,1,2.0,500.0,8.0,256.0,60.0,7,14.0,11.6749
6,1,20,11.0,1.0,16.0,0.0,60.0,21,15.6,12.7701
11,5,20,11.0,512.0,16.0,0.0,60.0,16,15.6,15.4507
2,1,20,11.0,512.0,16.0,0.0,60.0,14,15.6,15.9999
21,1,23,3.0,128.0,4.0,250.0,60.0,25,14.0,6.999
16,1,19,12.0,512.0,16.0,0.0,60.0,24,15.6,12.0652
11,0,12,1.0,4.0,48.0,1.0,360.0,42,16.1,32.9999
2,5,20,10.0,512.0,16.0,0.0,90.0,27,14.0,37.48
11,5,20,12.0,512.0,8.0,0.0,60.0,21,14.0,29.999
2,1,9,7.0,1.0,16.0,0.0,240.0,55,17.3,65.999
2,5,20,13.0,512.0,16.0,512.0,120.0,53,15.6,46.701
2,5,19,11.0,128.0,4.0,0.0,60.0,19,15.6,9.699
16,7,32,10.0,512.0,16.0,0.0,60.0,70,15.6,14.999
0,1,20,12.0,1.0,8.0,0.0,144.0,53,15.6,29.89
2,7,32,10.0,256.0,16.0,0.0,60.0,70,15.6,10.949
0,5,19,3.0,512.0,4.0,0.0,60.0,24,15.6,10.299
16,1,20,12.0,256.0,24.0,0.0,60.0,14,15.6,15.9999
16,5,23,5.0,4.0,4.0,2.0,90.0,14,15.6,31.999
0,5,20,11.0,2.0,40.0,0.0,60.0,21,15.6,20.8
16,5,17,1.0,1.0,4.0,0.0,60.0,25,15.6,9.7083
16,1,21,12.0,1.0,32.0,0.0,120.0,47,15.6,39.4028
0,1,20,10.0,512.0,8.0,0.0,60.0,45,15.6,21.3163
2,1,7,7.0,512.0,8.0,0.0,60.0,3,15.6,12.299
0,1,20,12.0,512.0,8.0,0.0,144.0,53,15.6,29.999
16,7,32,10.0,256.0,16.0,0.0,60.0,70,15.6,19.999
11,5,20,11.0,512.0,8.0,0.0,60.0,14,15.6,13.799
4,1,20,11.0,256.0,8.0,0.0,120.0,21,15.6,12.7701
2,1,20,12.0,512.0,16.0,0.0,60.0,27,15.6,15.8999
16,6,7,10.0,512.0,16.0,0.0,60.0,65,15.6,19.1
0,5,20,12.0,512.0,32.0,0.0,144.0,46,15.6,27.6183
16,5,19,11.0,256.0,12.0,1.0,60.0,14,14.0,21.666
11,5,20,11.0,512.0,16.0,0.0,60.0,16,15.6,18.4765
4,1,19,11.0,256.0,4.0,0.0,60.0,24,14.0,8.8101
11,1,7,5.0,2.0,16.0,0.0,60.0,3,15.6,20.6
16,1,20,12.0,512.0,16.0,0.0,60.0,21,15.6,14.8998
18,7,32,10.0,256.0,16.0,0.0,60.0,70,15.6,23.899
2,1,21,13.0,1.0,24.0,0.0,60.0,27,15.6,25.2441
16,5,20,13.0,256.0,8.0,0.0,60.0,14,15.6,16.299
3,1,20,12.0,1.0,16.0,0.0,60.0,21,15.6,15.899
4,1,20,12.0,512.0,16.0,0.0,120.0,14,15.6,15.7831
2,5,7,13.0,1.0,16.0,0.0,60.0,3,14.0,28.099
0,1,20,11.0,256.0,12.0,0.0,60.0,22,15.6,13.6499
11,5,20,11.0,256.0,8.0,0.0,60.0,21,15.6,13.299
2,5,20,10.0,512.0,8.0,512.0,90.0,27,15.6,20.899
16,1,21,9.0,512.0,16.0,0.0,60.0,36,15.6,32.499
4,1,20,10.0,256.0,8.0,0.0,60.0,21,15.6,14.2403
4,1,20,12.0,256.0,8.0,0.0,60.0,21,15.6,14.1325
4,1,20,12.0,256.0,12.0,0.0,60.0,21,15.6,14.4919
4,5,20,11.0,256.0,20.0,1.0,60.0,40,14.0,16.1425
4,5,20,11.0,512.0,20.0,1.0,60.0,40,14.0,16.6099
4,1,0,1.0,128.0,1.0,250.0,60.0,14,14.0,12.8409
4,5,20,11.0,1.0,20.0,0.0,60.0,40,14.0,16.3582
4,5,20,11.0,1.0,32.0,0.0,60.0,40,14.0,17.1111
4,5,20,11.0,2.0,24.0,1.0,60.0,40,14.0,18.6559
4,5,20,11.0,2.0,24.0,0.0,60.0,40,14.0,17.9739
4,5,20,11.0,512.0,32.0,0.0,60.0,40,14.0,16.1425
4,5,20,11.0,256.0,24.0,1.0,60.0,40,14.0,16.2144
4,5,20,11.0,512.0,32.0,1.0,60.0,40,14.0,17.183
4,5,20,11.0,512.0,32.0,0.0,60.0,40,14.0,16.3223
4,5,20,11.0,256.0,24.0,0.0,60.0,40,14.0,15.3537
4,5,20,11.0,512.0,24.0,1.0,60.0,40,14.0,16.6818
4,5,20,11.0,1.0,8.0,0.0,60.0,40,14.0,15.3177
4,1,20,11.0,2.0,20.0,1.0,60.0,40,14.0,17.1471
4,5,20,11.0,2.0,32.0,1.0,60.0,40,14.0,19.3379
4,5,20,11.0,256.0,20.0,1.0,60.0,40,14.0,15.9638
4,5,20,11.0,2.0,8.0,1.0,60.0,40,14.0,17.3638
4,5,20,11.0,1.0,12.0,1.0,60.0,40,14.0,16.3582
4,5,20,11.0,2.0,32.0,0.0,60.0,40,14.0,18.4752
4,5,20,11.0,2.0,12.0,0.0,60.0,40,14.0,17.219
4,5,20,11.0,2.0,8.0,0.0,60.0,40,14.0,16.6818
4,5,20,11.0,512.0,24.0,1.0,60.0,40,14.0,16.8605
4,1,20,11.0,512.0,24.0,1.0,60.0,40,14.0,15.2458
4,5,20,11.0,512.0,32.0,0.0,60.0,40,14.0,16.501
4,5,20,11.0,2.0,12.0,1.0,60.0,40,14.0,17.901
4,5,20,11.0,2.0,8.0,1.0,60.0,40,14.0,17.5425
4,5,20,11.0,2.0,12.0,1.0,60.0,40,14.0,18.0817
4,5,20,11.0,1.0,20.0,0.0,60.0,40,14.0,15.9997
4,5,20,11.0,1.0,8.0,1.0,60.0,40,14.0,16.1785
4,5,20,11.0,1.0,20.0,0.0,60.0,40,14.0,16.1785
4,5,20,11.0,512.0,24.0,0.0,60.0,40,14.0,15.9997
4,5,20,11.0,1.0,8.0,1.0,60.0,40,14.0,15.9997
4,5,20,11.0,2.0,8.0,1.0,60.0,40,14.0,17.7222
4,5,20,11.0,256.0,24.0,1.0,60.0,40,14.0,16.3942
4,5,20,11.0,2.0,32.0,0.0,60.0,40,14.0,18.2964
4,5,20,11.0,256.0,32.0,0.0,60.0,40,14.0,15.6762
4,1,20,11.0,256.0,32.0,1.0,60.0,40,14.0,15.2818
4,5,20,11.0,512.0,24.0,1.0,60.0,40,14.0,16.501
4,5,20,11.0,1.0,20.0,1.0,60.0,40,14.0,16.8605
4,5,20,11.0,256.0,32.0,1.0,60.0,40,14.0,16.7177
4,5,20,11.0,1.0,20.0,1.0,60.0,40,14.0,17.0402
4,5,20,11.0,2.0,12.0,1.0,60.0,40,14.0,17.7222
4,5,20,11.0,2.0,32.0,1.0,60.0,40,14.0,19.1572
4,5,20,11.0,2.0,20.0,1.0,60.0,40,14.0,18.4043
4,5,20,11.0,512.0,24.0,0.0,60.0,40,14.0,15.819
4,5,20,11.0,512.0,20.0,1.0,60.0,40,14.0,16.4291
4,1,20,11.0,2.0,8.0,1.0,60.0,40,14.0,16.1066
4,5,20,11.0,2.0,32.0,1.0,60.0,40,14.0,19.5166
4,5,20,11.0,512.0,20.0,1.0,60.0,40,14.0,16.2504
4,5,20,11.0,2.0,32.0,0.0,60.0,40,14.0,18.6559
4,1,20,11.0,1.0,32.0,1.0,60.0,40,14.0,16.3582
4,5,20,11.0,256.0,32.0,1.0,60.0,40,14.0,16.537
4,5,20,11.0,256.0,32.0,1.0,60.0,40,14.0,16.8964
4,5,20,11.0,2.0,8.0,0.0,60.0,40,14.0,16.501
4,5,20,11.0,512.0,32.0,1.0,60.0,40,14.0,17.3638
4,5,20,11.0,1.0,16.0,1.0,60.0,40,14.0,16.6818
4,5,20,11.0,2.0,16.0,0.0,60.0,40,14.0,17.3638
4,5,20,11.0,2.0,16.0,1.0,60.0,40,14.0,18.4043
4,5,20,11.0,1.0,24.0,1.0,60.0,40,14.0,17.4706
4,5,20,11.0,2.0,24.0,1.0,60.0,40,14.0,18.8346
4,5,20,11.0,2.0,20.0,1.0,60.0,40,14.0,18.583
4,2,20,11.0,512.0,8.0,0.0,60.0,24,15.6,16.2446
4,4,20,11.0,256.0,8.0,0.0,60.0,14,14.0,13.9999
19,5,22,13.0,2.0,64.0,0.0,240.0,55,17.3,89.999
16,5,20,11.0,512.0,12.0,0.0,60.0,21,15.6,15.099
2,1,17,13.0,128.0,16.0,0.0,60.0,24,15.6,9.199
16,5,8,5.0,512.0,24.0,0.0,60.0,3,15.6,17.628
2,5,17,13.0,128.0,4.0,0.0,60.0,24,14.0,8.799
16,1,20,12.0,512.0,16.0,0.0,60.0,21,14.0,25.631
2,5,19,11.0,256.0,8.0,0.0,60.0,14,15.6,11.799
16,1,8,5.0,512.0,16.0,0.0,60.0,3,15.6,13.499
16,5,20,11.0,512.0,20.0,0.0,60.0,40,14.0,15.7471
16,5,20,11.0,256.0,20.0,0.0,60.0,40,14.0,15.2818
16,5,20,11.0,256.0,12.0,0.0,60.0,27,15.6,14.7483
11,1,6,5.0,512.0,32.0,0.0,60.0,3,15.6,14.8
2,1,20,12.0,1.0,16.0,0.0,60.0,24,15.6,19.999
16,5,23,5.0,4.0,4.0,2.0,90.0,14,15.6,31.999
16,1,20,11.0,1.0,12.0,1.0,60.0,40,14.0,14.9223
16,1,20,11.0,1.0,8.0,1.0,60.0,40,14.0,14.5638
2,5,17,4.0,128.0,4.0,0.0,60.0,25,15.6,7.65
18,1,21,13.0,500.0,16.0,0.0,165.0,55,16.0,57.999
2,5,7,5.0,1.0,16.0,0.0,90.0,14,14.0,36.999
2,2,12,12.0,480.0,48.0,256.0,120.0,1,10.6,9.949
6,1,20,11.0,1.0,16.0,0.0,60.0,21,15.6,12.8191
11,1,20,11.0,1.0,24.0,0.0,60.0,14,15.6,13.699
2,5,20,12.0,256.0,16.0,0.0,60.0,27,15.6,16.999
11,1,8,7.0,512.0,16.0,0.0,144.0,53,16.1,33.899
4,5,20,12.0,256.0,12.0,0.0,60.0,21,15.6,15.7471
4,5,20,10.0,256.0,8.0,0.0,60.0,21,15.6,15.4965
4,5,20,10.0,256.0,12.0,0.0,60.0,21,15.6,15.855
4,5,20,10.0,256.0,8.0,0.0,60.0,21,15.6,15.4965
4,1,20,10.0,256.0,16.0,0.0,60.0,21,15.6,14.9223
4,1,20,10.0,512.0,8.0,0.0,60.0,21,15.6,14.7999
4,1,20,10.0,256.0,12.0,0.0,60.0,21,15.6,14.5998
4,1,20,10.0,512.0,12.0,0.0,60.0,21,15.6,15.0651
4,1,20,10.0,512.0,16.0,0.0,60.0,21,15.6,15.3886
4,5,20,12.0,512.0,8.0,0.0,60.0,21,15.6,16.2144
4,5,20,12.0,256.0,8.0,0.0,60.0,21,15.6,15.7471
4,5,20,12.0,256.0,8.0,0.0,60.0,21,15.6,15.3886
4,5,20,12.0,256.0,12.0,0.0,60.0,21,15.6,15.7471
4,5,20,12.0,256.0,16.0,0.0,60.0,21,15.6,16.2504
4,5,20,12.0,512.0,8.0,0.0,60.0,21,15.6,15.855
4,5,20,12.0,512.0,8.0,0.0,60.0,21,15.6,16.0357
4,5,20,12.0,256.0,8.0,0.0,60.0,21,15.6,15.5684
4,5,20,12.0,512.0,12.0,0.0,60.0,21,15.6,16.2144
4,5,20,12.0,256.0,16.0,0.0,60.0,21,15.6,16.0706
4,5,20,12.0,256.0,12.0,0.0,60.0,21,15.6,15.9279
4,5,20,12.0,512.0,8.0,0.0,60.0,21,15.6,15.855
4,5,20,12.0,512.0,12.0,0.0,60.0,21,15.6,16.2144
4,5,20,12.0,256.0,16.0,0.0,60.0,21,15.6,16.0706
4,5,20,12.0,256.0,8.0,0.0,60.0,21,15.6,15.3886
4,1,20,12.0,1.0,16.0,0.0,60.0,21,15.6,15.8919
4,1,20,12.0,1.0,20.0,0.0,60.0,21,15.6,16.2504
4,1,20,12.0,512.0,12.0,0.0,60.0,21,15.6,14.9583
4,1,20,12.0,512.0,16.0,0.0,60.0,21,15.6,15.2818
3,5,21,12.0,1.0,64.0,0.0,60.0,21,15.6,31.899
4,5,20,11.0,256.0,8.0,1.0,60.0,40,14.0,14.9223
4,5,20,11.0,256.0,12.0,0.0,60.0,40,14.0,14.2403
4,5,20,11.0,512.0,16.0,0.0,60.0,40,14.0,15.2099
4,5,20,11.0,256.0,20.0,0.0,60.0,40,14.0,14.9223
4,5,20,11.0,256.0,20.0,0.0,60.0,40,14.0,15.1011
4,5,20,11.0,256.0,24.0,0.0,60.0,40,14.0,15.5324
4,5,20,11.0,512.0,8.0,1.0,60.0,40,14.0,15.3886
4,1,20,11.0,2.0,12.0,0.0,60.0,40,14.0,15.6043
4,1,20,11.0,256.0,32.0,0.0,60.0,40,14.0,14.419
4,1,20,11.0,2.0,8.0,0.0,60.0,40,14.0,15.2458
4,5,20,11.0,1.0,12.0,0.0,60.0,40,14.0,15.3177
4,5,20,11.0,512.0,20.0,0.0,60.0,40,14.0,15.5684
4,5,20,11.0,512.0,8.0,1.0,60.0,40,14.0,15.2099
4,5,20,11.0,1.0,12.0,0.0,60.0,40,14.0,15.4965
4,5,20,11.0,512.0,12.0,1.0,60.0,40,14.0,15.5684
4,5,20,11.0,512.0,8.0,0.0,60.0,40,14.0,14.3481
4,5,20,11.0,1.0,8.0,0.0,60.0,40,14.0,15.137
4,1,20,11.0,1.0,20.0,1.0,60.0,40,14.0,15.6043
4,1,20,11.0,256.0,20.0,0.0,60.0,40,14.0,13.6661
4,5,20,11.0,512.0,8.0,1.0,60.0,40,14.0,15.5684
4,5,20,11.0,512.0,16.0,0.0,60.0,40,14.0,15.0302
4,7,32,10.0,256.0,16.0,0.0,60.0,70,15.6,15.3886
4,5,20,10.0,256.0,12.0,0.0,60.0,21,15.6,15.855
4,1,20,10.0,256.0,24.0,0.0,60.0,21,15.6,15.5324
4,1,20,10.0,1.0,12.0,0.0,60.0,21,15.6,15.6762
4,1,20,12.0,256.0,24.0,0.0,60.0,21,15.6,15.4246
4,7,32,10.0,256.0,16.0,0.0,60.0,70,15.6,14.8145
3,1,20,11.0,500.0,8.0,0.0,60.0,27,15.6,16.299
11,1,19,10.0,0.0,4.0,1.0,60.0,38,15.6,10.999
16,1,20,12.0,256.0,8.0,0.0,60.0,27,15.6,13.184
2,1,20,11.0,512.0,8.0,0.0,60.0,14,15.6,13.399
11,5,20,13.0,1.0,16.0,0.0,60.0,21,15.6,21.299
4,5,21,13.0,512.0,16.0,0.0,120.0,45,15.6,41.016
4,1,20,13.0,1.0,16.0,0.0,120.0,45,16.0,30.4711
6,1,20,11.0,128.0,8.0,0.0,60.0,21,15.6,10.0471
16,1,20,12.0,512.0,16.0,0.0,60.0,13,15.6,21.599
16,1,25,13.0,256.0,16.0,0.0,60.0,14,15.6,13.5
16,5,20,10.0,512.0,8.0,0.0,60.0,24,15.6,14.999
16,1,17,4.0,128.0,4.0,0.0,60.0,25,14.0,8.155
16,1,20,12.0,512.0,16.0,0.0,60.0,21,15.6,14.8999
4,1,20,12.0,512.0,16.0,0.0,60.0,21,14.0,16.9281
4,7,32,10.0,256.0,16.0,0.0,60.0,70,15.6,13.999
11,1,21,12.0,1.0,16.0,0.0,165.0,58,16.1,41.699
16,5,6,7.0,256.0,4.0,0.0,60.0,14,15.6,10.3999
11,1,20,12.0,512.0,16.0,0.0,60.0,21,14.0,17.3999
4,1,20,11.0,2.0,16.0,0.0,60.0,40,14.0,15.9279
4,5,20,11.0,1.0,8.0,1.0,60.0,40,14.0,15.819
4,5,20,11.0,256.0,20.0,1.0,60.0,40,14.0,15.7831
4,5,20,11.0,512.0,24.0,0.0,60.0,40,14.0,15.6403
4,5,20,11.0,512.0,12.0,1.0,60.0,40,14.0,15.7471
4,5,20,11.0,512.0,12.0,1.0,60.0,40,14.0,15.9279
4,5,20,11.0,256.0,32.0,0.0,60.0,40,14.0,15.855
4,5,20,11.0,1.0,16.0,0.0,60.0,40,14.0,15.819
4,1,20,12.0,1.0,32.0,2.0,60.0,43,15.6,24.8922
2,1,19,11.0,512.0,12.0,0.0,60.0,14,15.6,11.499
16,5,7,5.0,512.0,8.0,0.0,60.0,3,15.6,15.0
16,5,20,11.0,1.0,16.0,0.0,60.0,21,15.6,20.591
16,5,20,11.0,1.0,16.0,0.0,60.0,21,15.6,19.916
6,1,20,11.0,1.0,32.0,0.0,60.0,21,15.6,14.2918
2,1,19,11.0,256.0,4.0,0.0,60.0,24,15.6,9.498
11,1,25,13.0,256.0,16.0,0.0,60.0,14,15.6,26.9573
11,1,7,5.0,512.0,16.0,0.0,60.0,3,15.6,18.6
11,5,20,12.0,512.0,8.0,0.0,60.0,21,15.6,18.5
11,1,20,12.0,512.0,8.0,0.0,60.0,21,15.6,18.0
11,5,20,12.0,1.0,32.0,0.0,60.0,21,15.6,22.2
11,5,20,12.0,256.0,8.0,0.0,60.0,21,15.6,18.0
11,1,20,12.0,256.0,16.0,0.0,60.0,21,15.6,18.1
11,1,19,12.0,256.0,64.0,0.0,60.0,24,14.0,19.745
11,5,19,12.0,256.0,64.0,0.0,60.0,24,14.0,20.611
11,5,19,12.0,256.0,8.0,0.0,60.0,24,14.0,15.401
11,5,19,12.0,256.0,8.0,0.0,60.0,24,14.0,15.401
11,1,19,12.0,256.0,8.0,0.0,60.0,24,14.0,14.754
11,5,19,12.0,256.0,8.0,0.0,60.0,21,14.0,15.401
11,1,19,12.0,256.0,8.0,0.0,60.0,21,14.0,14.754
11,1,19,12.0,256.0,8.0,0.0,60.0,24,14.0,12.2204
11,5,8,7.0,2.0,32.0,0.0,144.0,45,16.1,34.999
2,5,7,5.0,512.0,8.0,0.0,144.0,44,15.6,24.999
2,5,19,11.0,512.0,8.0,0.0,60.0,24,15.6,16.6311
11,5,20,13.0,512.0,8.0,0.0,60.0,14,15.6,18.099
11,1,7,5.0,512.0,32.0,0.0,144.0,10,15.6,27.509
16,1,21,12.0,1.0,16.0,0.0,60.0,21,15.6,20.3999
2,1,19,12.0,1.0,16.0,0.0,60.0,24,15.6,12.9122
2,1,21,12.0,1.0,16.0,0.0,60.0,24,15.6,22.569
11,5,20,11.0,512.0,16.0,0.0,60.0,21,15.6,18.399
2,1,20,13.0,1.0,16.0,0.0,60.0,27,15.6,19.9979
16,2,20,12.0,256.0,8.0,0.0,60.0,21,12.5,32.999
16,5,20,11.0,256.0,8.0,0.0,60.0,13,15.6,14.999
2,5,29,5.0,32.0,36.0,500.0,90.0,42,18.0,15.387
2,5,17,13.0,128.0,4.0,0.0,60.0,25,15.6,8.499
10,5,20,10.0,512.0,8.0,0.0,60.0,24,14.0,23.999
4,1,20,11.0,512.0,16.0,0.0,60.0,21,15.6,14.999
17,5,29,12.0,512.0,16.0,0.0,90.0,21,13.0,91.466
19,1,22,13.0,1.0,32.0,0.0,240.0,57,17.0,124.0058
16,1,20,12.0,1.0,24.0,0.0,60.0,21,15.6,16.199
2,1,8,1.0,512.0,24.0,0.0,60.0,14,16.0,21.029
2,5,20,10.0,512.0,32.0,0.0,60.0,36,15.6,26.1188
2,1,17,13.0,0.0,4.0,1.0,60.0,16,15.6,9.489
1,3,12,13.0,512.0,16.0,0.0,120.0,29,14.0,71.699
19,5,21,12.0,512.0,32.0,0.0,60.0,36,14.0,35.65
11,1,21,12.0,1.0,16.0,0.0,60.0,21,15.6,26.0
0,5,21,13.0,512.0,16.0,0.0,165.0,54,16.0,57.998
4,5,20,12.0,1.0,12.0,0.0,60.0,21,15.6,16.8246
11,5,20,11.0,1.0,32.0,0.0,60.0,24,15.6,17.59
11,1,6,5.0,1.0,16.0,0.0,60.0,3,15.6,14.8
11,1,6,5.0,1.0,8.0,0.0,60.0,3,15.6,14.1
2,5,20,12.0,1.0,24.0,0.0,60.0,21,15.6,18.449
11,5,21,13.0,1.0,32.0,0.0,60.0,24,13.5,53.789
2,7,32,10.0,256.0,16.0,0.0,60.0,70,15.6,18.399
2,5,21,13.0,512.0,8.0,512.0,60.0,24,15.6,27.854
0,1,6,7.0,512.0,8.0,0.0,60.0,3,15.6,10.299
2,5,7,7.0,512.0,8.0,0.0,60.0,14,15.6,15.999
11,1,7,7.0,512.0,8.0,0.0,60.0,14,15.6,17.3076
11,1,8,7.0,2.0,32.0,0.0,144.0,51,16.1,37.999
2,1,21,12.0,1.0,40.0,0.0,60.0,24,15.6,24.2989
18,5,20,12.0,1.0,16.0,0.0,60.0,21,14.1,22.499
11,1,20,12.0,256.0,32.0,0.0,60.0,21,15.6,19.2
11,5,20,12.0,256.0,32.0,0.0,60.0,21,15.6,19.7
11,1,8,7.0,512.0,16.0,0.0,144.0,53,16.1,32.899
16,1,17,1.0,256.0,4.0,0.0,60.0,14,14.0,9.449
16,5,7,7.0,256.0,8.0,0.0,60.0,13,15.6,12.159
4,1,20,12.0,512.0,16.0,0.0,60.0,43,15.6,19.44
23,5,20,10.0,256.0,16.0,0.0,60.0,65,14.0,26.785
16,1,20,11.0,512.0,8.0,0.0,60.0,41,15.6,18.2569
11,1,21,13.0,1.0,16.0,0.0,165.0,54,16.1,45.999
16,5,17,1.0,128.0,4.0,0.0,60.0,65,14.0,8.399
2,7,32,10.0,512.0,16.0,0.0,60.0,70,15.6,23.499
11,5,6,5.0,512.0,32.0,0.0,60.0,3,15.6,15.2
11,5,20,11.0,1.0,24.0,0.0,60.0,21,15.6,15.999
4,5,7,5.0,512.0,16.0,1.0,120.0,3,15.6,15.7523
11,5,21,13.0,1.0,32.0,0.0,60.0,62,16.0,64.617
6,1,20,11.0,1.0,64.0,0.0,60.0,21,15.6,16.0371
3,7,32,10.0,256.0,16.0,0.0,60.0,70,15.6,14.699
16,1,20,12.0,512.0,16.0,0.0,60.0,27,15.6,16.0516
0,5,7,7.0,512.0,8.0,0.0,60.0,3,15.6,12.6421
16,1,20,11.0,256.0,16.0,0.0,60.0,41,15.6,16.1536
11,1,21,13.0,1.0,32.0,0.0,165.0,56,16.1,71.999
0,1,7,7.0,256.0,8.0,0.0,60.0,3,15.6,13.9988
16,5,7,5.0,512.0,8.0,0.0,120.0,36,15.6,23.949
2,5,7,13.0,1.0,24.0,0.0,60.0,3,14.0,28.599
21,5,17,13.0,128.0,128.0,128.0,60.0,16,15.6,7.9
0,1,22,13.0,1.0,32.0,0.0,240.0,56,16.0,83.999
2,1,22,13.0,2.0,32.0,500.0,120.0,55,16.0,89.999
0,1,21,11.0,512.0,8.0,0.0,144.0,58,15.6,33.45
2,5,19,11.0,128.0,8.0,0.0,60.0,14,15.6,10.199
4,1,6,1.0,128.0,1.0,250.0,60.0,14,14.0,79.275
3,5,19,11.0,500.0,8.0,0.0,60.0,24,15.6,13.599
3,5,20,11.0,250.0,8.0,0.0,60.0,21,15.6,14.875
2,1,19,11.0,256.0,4.0,0.0,60.0,24,15.6,9.499
2,1,22,12.0,2.0,32.0,0.0,60.0,63,16.0,97.999
2,5,19,11.0,512.0,8.0,0.0,60.0,24,15.6,11.5999
16,1,21,10.0,256.0,4.0,0.0,120.0,51,14.0,31.999
3,1,20,12.0,2.0,32.0,0.0,144.0,53,15.6,34.999
11,1,8,7.0,1.0,32.0,0.0,144.0,55,16.1,48.999
4,7,32,10.0,256.0,16.0,0.0,60.0,70,15.6,17.999
8,1,20,12.0,512.0,32.0,0.0,144.0,54,15.6,32.499
2,5,6,3.0,256.0,12.0,0.0,60.0,14,14.0,14.866
4,2,19,11.0,256.0,8.0,0.0,60.0,24,14.0,11.499
6,1,20,11.0,1.0,32.0,0.0,60.0,21,15.6,14.7501
3,5,20,12.0,1.0,32.0,0.0,144.0,36,15.6,27.999
11,5,22,13.0,4.0,64.0,0.0,240.0,57,17.3,163.2
2,1,21,12.0,512.0,16.0,0.0,60.0,27,15.6,22.549
16,1,8,5.0,512.0,16.0,0.0,60.0,3,15.6,13.399
2,1,20,11.0,512.0,8.0,0.0,144.0,45,15.6,33.333
11,1,7,5.0,1.0,16.0,0.0,60.0,3,14.0,14.349
2,1,20,11.0,256.0,24.0,0.0,60.0,14,15.6,13.239
11,1,20,12.0,512.0,8.0,0.0,60.0,14,15.6,19.999
11,5,21,12.0,1.0,32.0,0.0,60.0,21,14.0,31.8
4,5,20,11.0,512.0,16.0,0.0,60.0,40,14.0,15.599
4,5,20,13.0,256.0,8.0,0.0,60.0,27,14.0,18.999
1,3,10,3.0,256.0,8.0,250.0,120.0,14,13.3,31.17
16,1,21,11.0,256.0,16.0,0.0,165.0,46,15.6,36.2
16,1,19,12.0,512.0,8.0,512.0,60.0,16,14.0,11.989
17,5,21,12.0,256.0,16.0,0.0,120.0,21,13.0,61.915
2,5,20,10.0,256.0,8.0,0.0,60.0,13,15.6,14.999
2,5,19,11.0,128.0,8.0,0.0,60.0,16,15.6,10.449
16,5,19,10.0,256.0,4.0,0.0,60.0,16,15.6,10.499
3,5,21,12.0,2.0,64.0,0.0,144.0,54,15.6,45.999
4,5,20,10.0,256.0,8.0,0.0,60.0,21,15.6,15.6762
11,5,20,13.0,512.0,16.0,512.0,60.0,21,14.0,31.141
4,5,20,10.0,512.0,8.0,0.0,60.0,21,15.6,15.9638
4,5,20,10.0,512.0,8.0,0.0,60.0,21,15.6,15.9638
4,1,20,10.0,1.0,16.0,0.0,60.0,21,15.6,15.9997
4,1,20,10.0,512.0,24.0,0.0,60.0,21,15.6,15.9997
3,1,20,12.0,500.0,32.0,0.0,60.0,21,15.6,17.499
16,1,20,11.0,512.0,8.0,0.0,60.0,13,15.6,14.299
16,1,25,13.0,256.0,16.0,0.0,60.0,14,15.6,11.999
2,5,19,11.0,128.0,4.0,0.0,60.0,35,15.6,12.999
16,5,20,12.0,512.0,8.0,0.0,60.0,21,16.0,28.999
16,5,7,7.0,256.0,8.0,0.0,60.0,14,15.6,11.803
2,1,21,12.0,1.0,40.0,0.0,60.0,27,15.6,25.1451
4,1,21,12.0,1.0,16.0,0.0,120.0,27,15.6,20.9999
4,1,21,12.0,512.0,16.0,0.0,120.0,14,15.6,19.6225
3,1,20,12.0,1.0,32.0,0.0,144.0,44,15.6,26.999
0,1,21,12.0,512.0,32.0,0.0,60.0,43,15.6,22.6201
11,1,8,5.0,1.0,16.0,0.0,144.0,58,16.1,31.9
11,1,20,11.0,512.0,8.0,0.0,60.0,43,15.6,19.2999
4,5,7,5.0,512.0,32.0,0.0,120.0,45,15.6,27.489
2,5,20,12.0,0.0,16.0,1.0,120.0,21,14.5,89.999
16,5,8,5.0,512.0,16.0,0.0,60.0,3,15.6,14.6856
11,5,8,7.0,1.0,8.0,0.0,60.0,3,15.6,30.0
2,5,21,13.0,1.0,16.0,0.0,60.0,27,13.3,58.999
2,1,19,11.0,256.0,12.0,0.0,60.0,14,15.6,10.399
4,5,21,13.0,512.0,32.0,0.0,165.0,53,15.6,43.4932
4,5,19,11.0,512.0,16.0,0.0,60.0,24,14.0,12.999
11,5,21,12.0,512.0,16.0,0.0,144.0,58,16.1,55.9
24,5,10,5.0,4.0,48.0,750.0,90.0,68,18.0,69.0
16,1,20,12.0,1.0,16.0,0.0,60.0,21,15.6,15.6999
0,5,7,7.0,1.0,8.0,0.0,60.0,3,15.6,18.4131
11,1,8,7.0,1.0,16.0,0.0,144.0,54,16.1,41.899
11,5,20,13.0,512.0,64.0,0.0,60.0,21,15.6,23.899
1,3,13,2.0,512.0,8.0,512.0,120.0,30,15.0,59.49
1,3,13,2.0,256.0,16.0,0.0,60.0,30,13.3,59.99
16,5,8,5.0,512.0,16.0,0.0,60.0,3,15.6,16.576
11,5,20,11.0,512.0,12.0,0.0,60.0,14,15.6,14.299
2,1,19,12.0,256.0,4.0,0.0,60.0,16,15.6,9.789
11,1,21,12.0,512.0,16.0,0.0,60.0,43,15.6,23.999
3,1,19,11.0,1.0,32.0,0.0,60.0,24,15.6,17.299
2,5,22,13.0,1.0,16.0,0.0,240.0,55,16.0,71.05
2,1,8,7.0,512.0,16.0,0.0,144.0,53,15.6,34.5804
4,1,21,12.0,512.0,32.0,0.0,120.0,14,15.6,20.5309
18,5,21,11.0,500.0,16.0,0.0,144.0,46,15.6,31.599
11,1,20,11.0,512.0,12.0,0.0,60.0,14,15.6,12.649
23,5,21,4.0,512.0,16.0,500.0,60.0,17,15.6,29.9999
2,1,20,11.0,256.0,8.0,0.0,60.0,16,15.6,12.97
16,5,17,11.0,0.0,4.0,128.0,60.0,14,15.6,7.5
4,5,7,5.0,256.0,8.0,0.0,120.0,3,15.6,12.8368
4,1,19,11.0,0.0,4.0,0.0,60.0,24,14.0,9.3741
11,1,6,5.0,256.0,8.0,0.0,60.0,3,14.0,10.549
16,5,19,11.0,256.0,16.0,0.0,60.0,24,15.6,12.414
2,5,8,7.0,512.0,8.0,500.0,144.0,53,15.6,33.499
3,5,20,11.0,500.0,8.0,0.0,60.0,21,15.6,15.999
11,5,20,13.0,1.0,64.0,0.0,144.0,44,15.6,30.902
16,1,20,11.0,512.0,8.0,0.0,60.0,21,15.6,14.999
1,3,27,13.0,256.0,16.0,0.0,60.0,31,13.6,45.999
2,1,22,13.0,2.0,32.0,0.0,240.0,57,18.4,124.999
4,1,21,12.0,256.0,16.0,0.0,60.0,14,15.6,19.2588
1,3,27,13.0,512.0,16.0,512.0,60.0,30,13.3,64.999
3,1,21,11.0,2.0,32.0,0.0,60.0,21,15.6,28.5
2,1,20,11.0,512.0,16.0,0.0,144.0,45,15.6,29.999
16,5,17,13.0,128.0,4.0,128.0,60.0,25,15.6,9.449
16,1,8,5.0,1.0,24.0,0.0,60.0,3,15.6,19.0
4,1,25,13.0,256.0,16.0,1.0,360.0,46,15.6,36.5076
4,1,21,12.0,256.0,8.0,0.0,60.0,14,15.6,18.5323
16,7,32,10.0,256.0,16.0,0.0,60.0,70,15.6,11.999
2,1,22,13.0,2.0,32.0,0.0,240.0,57,18.0,126.999
2,1,21,12.0,1.0,16.0,0.0,144.0,45,15.6,35.1195
19,5,21,13.0,1.0,32.0,0.0,144.0,54,15.6,75.529
2,1,21,10.0,512.0,16.0,0.0,60.0,24,14.0,24.499
16,1,6,7.0,256.0,4.0,0.0,60.0,14,15.6,9.8999
16,1,21,11.0,512.0,16.0,0.0,60.0,21,15.6,20.863
16,1,19,11.0,1.0,20.0,0.0,120.0,24,15.6,11.9999
16,1,20,12.0,512.0,16.0,0.0,165.0,46,15.6,33.888
2,5,20,12.0,0.0,16.0,512.0,60.0,21,14.0,45.5
16,0,26,1.0,8.0,128.0,0.0,360.0,14,15.6,41.3279
0,1,21,12.0,512.0,16.0,0.0,60.0,43,15.6,20.5411
1,3,27,13.0,1.0,16.0,0.0,60.0,13,16.0,88.499
11,5,20,11.0,512.0,24.0,0.0,60.0,21,15.6,15.199
0,1,8,6.0,1.0,16.0,0.0,144.0,49,15.6,35.899
0,1,20,12.0,512.0,8.0,0.0,60.0,24,15.6,13.999
16,1,20,11.0,512.0,16.0,0.0,60.0,41,15.6,18.9235
16,1,20,10.0,256.0,4.0,0.0,60.0,40,15.6,20.812
11,5,20,11.0,256.0,12.0,0.0,60.0,14,15.6,13.899
2,5,24,13.0,0.0,3.0,0.0,60.0,2,11.6,9.499
0,1,22,13.0,1.0,32.0,0.0,240.0,55,16.0,64.999
11,5,20,13.0,512.0,16.0,0.0,144.0,44,15.6,28.766
19,5,22,13.0,2.0,64.0,0.0,165.0,61,17.0,158.519
16,1,6,5.0,256.0,8.0,0.0,60.0,3,15.6,10.9999
2,1,19,12.0,512.0,8.0,0.0,60.0,27,15.6,12.199
2,5,21,12.0,1.0,16.0,0.0,60.0,21,15.6,31.03
2,1,8,4.0,256.0,16.0,0.0,120.0,46,15.6,48.9123
19,5,21,13.0,1.0,64.0,0.0,144.0,54,17.3,70.999
19,1,21,12.0,1.0,32.0,0.0,144.0,55,15.6,57.999
2,1,21,12.0,1.0,16.0,0.0,60.0,27,15.6,23.4621
16,1,6,7.0,256.0,4.0,0.0,60.0,14,15.6,9.8999
16,1,20,10.0,256.0,16.0,0.0,60.0,16,15.6,23.499
4,5,21,11.0,512.0,32.0,0.0,60.0,14,15.6,24.8777
2,5,21,13.0,512.0,16.0,0.0,165.0,53,16.0,49.203
19,1,21,12.0,1.0,16.0,0.0,144.0,54,15.6,45.999
16,1,17,4.0,0.0,4.0,0.0,60.0,14,15.6,7.999
16,5,20,13.0,1.0,16.0,0.0,60.0,27,15.6,17.349
16,5,20,11.0,256.0,8.0,0.0,60.0,65,15.6,15.249
11,5,7,5.0,1.0,16.0,0.0,60.0,3,15.6,13.9691
16,1,21,11.0,1.0,16.0,0.0,165.0,46,15.6,38.5
2,5,17,13.0,128.0,16.0,0.0,60.0,24,14.0,10.799
2,5,17,13.0,256.0,16.0,0.0,60.0,24,14.0,10.799
11,5,8,5.0,256.0,16.0,0.0,60.0,12,15.6,13.499
16,1,8,7.0,512.0,16.0,0.0,60.0,3,15.6,13.399
11,1,7,7.0,512.0,8.0,0.0,60.0,3,15.6,11.2
2,1,21,13.0,1.0,16.0,0.0,165.0,54,16.0,52.611
16,1,17,11.0,1.0,4.0,128.0,60.0,25,15.6,9.8741
2,1,20,11.0,256.0,16.0,0.0,60.0,40,14.0,16.999
16,1,20,11.0,512.0,16.0,0.0,60.0,21,15.6,17.749
6,1,20,11.0,1.0,8.0,0.0,60.0,21,15.6,11.2351
4,1,19,11.0,512.0,16.0,0.0,60.0,24,14.0,9.8521
2,5,17,13.0,256.0,4.0,0.0,60.0,24,14.0,9.299
16,1,20,12.0,1.0,8.0,0.0,60.0,21,14.0,25.9834
16,1,20,12.0,512.0,24.0,0.0,60.0,21,14.0,26.2559
16,1,20,12.0,1.0,16.0,512.0,60.0,21,14.0,27.4221
16,1,20,12.0,1.0,24.0,0.0,60.0,21,14.0,27.3594
16,5,8,12.0,512.0,8.0,0.0,60.0,3,15.6,12.999
16,1,8,5.0,256.0,16.0,0.0,60.0,3,15.6,13.099
16,5,8,5.0,512.0,16.0,0.0,60.0,3,15.6,17.004
16,5,8,5.0,2.0,24.0,0.0,60.0,3,15.6,21.279
16,5,8,5.0,2.0,24.0,0.0,60.0,3,15.6,20.743
18,7,32,10.0,256.0,16.0,0.0,60.0,70,15.6,22.999
16,1,21,12.0,512.0,16.0,0.0,240.0,21,15.6,21.999
2,1,22,13.0,2.0,32.0,0.0,120.0,53,16.0,52.099
2,5,21,12.0,1.0,16.0,0.0,60.0,24,15.6,25.0228
16,1,20,11.0,256.0,8.0,1.0,60.0,41,15.6,16.1536
16,5,20,11.0,1.0,20.0,0.0,60.0,21,15.6,16.099
